// gr-dict 1.0
// Unidirectional mapping of different dialect words to their American spelling.
//
// @type = one-to-one
// @case-sensitive = false
// @dialect-sensitive = true
// @tags = dialect

// ou => o (colour => color, mould => mold)

ambercoloured ~ ambercolored
antiarmour ~ antiarmor
anticolour ~ anticolor
anticolours ~ anticolors
antitumour ~ antitumor
apricotcoloured ~ apricotcolored
arbour ~ arbor
arbours ~ arbors
ardour ~ ardor
ardours ~ ardors
armour ~ armor
armoured ~ armored
armourer ~ armorer
armourers ~ armorers
armouries ~ armories
armouring ~ armoring
armours ~ armors
armoury ~ armory
ashcoloured ~ ashcolored
aurora-coloured ~ aurora-colored
behaviour ~ behavior
behavioural ~ behavioral
behaviourism ~ behaviorism
behaviourisms ~ behaviorisms
behaviourist ~ behaviorist
behaviourists ~ behaviorists
behaviours ~ behaviors
belabour ~ belabor
belaboured ~ belabored
belabouring ~ belaboring
belabours ~ belabors
bicolour ~ bicolor
bicolouration ~ bicoloration
bicoloured ~ bicolored
bodycolour ~ bodycolor
brasscoloured ~ brasscolored
brickcoloured ~ brickcolored
brightly-coloured ~ brightly-colored
buff-coloured ~ buff-colored
burgundycoloured ~ burgundycolored
candour ~ candor
cherrycoloured ~ cherrycolored
chestnut-coloured ~ chestnut-colored
chocolate-coloured ~ chocolate-colored
cinnamon-coloured ~ cinnamon-colored
citroncoloured ~ citroncolored
clamour ~ clamor
clamoured ~ clamored
clamouring ~ clamoring
clamourings ~ clamorings
clamours ~ clamors
clangour ~ clangor
clangours ~ clangors
claretcoloured ~ claretcolored
colour ~ color
colour-blind ~ color-blind
colour-blindness ~ color-blindness
colour-coordinate ~ color-coordinate
colour-coordinated ~ color-coordinated
colourability ~ colorability
colourable ~ colorable
colourably ~ colorably
colourant ~ colorant
colourants ~ colorants
colouration ~ coloration
colourational ~ colorational
colourations ~ colorations
colourative ~ colorative
colourbearer ~ colorbearer
colourblind ~ colorblind
colourblindness ~ colorblindness
colourcast ~ colorcast
colourcaster ~ colorcaster
coloured ~ colored
coloureds ~ coloreds
colourer ~ colorer
colourers ~ colorers
colourfast ~ colorfast
colourfastness ~ colorfastness
colourful ~ colorful
colourfully ~ colorfully
colourfulness ~ colorfulness
colourific ~ colorific
colourimeter ~ colorimeter
colourimeters ~ colorimeters
colourimetric ~ colorimetric
colourimetrical ~ colorimetrical
colourimetrically ~ colorimetrically
colourimetry ~ colorimetry
colourin' ~ colorin'
colouring ~ coloring
colourings ~ colorings
colourisation ~ colorisation
colourise ~ colorise
colourism ~ colorism
colourisms ~ colorisms
colourist ~ colorist
colouristic ~ coloristic
colouristically ~ coloristically
colourists ~ colorists
colourization ~ colorization
colourizations ~ colorizations
colourize ~ colorize
colourized ~ colorized
colourizer ~ colorizer
colourizes ~ colorizes
colourizin' ~ colorizin'
colourizing ~ colorizing
colourless ~ colorless
colourlessly ~ colorlessly
colourlessness ~ colorlessness
colourmaker ~ colormaker
colourmakers ~ colormakers
colourmap ~ colormap
colourmaps ~ colormaps
colourmen ~ colormen
colourous ~ colorous
colourphobia ~ colorphobia
colourpoint ~ colorpoint
colourpoints ~ colorpoints
colourpuncture ~ colorpuncture
colours ~ colors
colourspace ~ colorspace
colourtype ~ colortype
colourway ~ colorway
colourways ~ colorways
colourwise ~ colorwise
colourwork ~ colorwork
concolourous ~ concolorous
coulter ~ colter
coulters ~ colters
dark-coloured ~ dark-colored
decolour ~ decolor
decolouration ~ decoloration
decolourations ~ decolorations
decoloured ~ decolored
decolouring ~ decoloring
decolourisation ~ decolorisation
decolourisations ~ decolorisations
decolourise ~ decolorise
decolourised ~ decolorised
decolouriser ~ decoloriser
decolourises ~ decolorises
decolourising ~ decolorising
decolourization ~ decolorization
decolourize ~ decolorize
decolourized ~ decolorized
decolourizer ~ decolorizer
decolours ~ decolors
demeanour ~ demeanor
demeanours ~ demeanors
discolour ~ discolor
discolouration ~ discoloration
discolourations ~ discolorations
discoloured ~ discolored
discolourer ~ discolorer
discolouring ~ discoloring
discolourings ~ discolorings
discolourisation ~ discolorisation
discolourise ~ discolorise
discolourization ~ discolorization
discolourment ~ discolorment
discolourous ~ discolorous
discolours ~ discolors
disfavour ~ disfavor
disfavours ~ disfavors
dishonour ~ dishonor
dishonourable ~ dishonorable
dishonourably ~ dishonorably
dishonoured ~ dishonored
dishonouring ~ dishonoring
dishonours ~ dishonors
dolour ~ dolor
dolours ~ dolors
dun-coloured ~ dun-colored
dusky-coloured ~ dusky-colored
dustcoloured ~ dustcolored
enamour ~ enamor
enamoured ~ enamored
enamouring ~ enamoring
enamours ~ enamors
endeavour ~ endeavor
endeavoured ~ endeavored
endeavouring ~ endeavoring
endeavours ~ endeavors
favour ~ favor
favourable ~ favorable
favourably ~ favorably
favoured ~ favored
favouring ~ favoring
favourite ~ favorite
favourited ~ favorited
favourites ~ favorites
favouriting ~ favoriting
favouritism ~ favoritism
favours ~ favors
fawn-coloured ~ fawn-colored
fawncoloured ~ fawncolored
fervour ~ fervor
fervours ~ fervors
flame-coloured ~ flame-colored
//flavour - Wiktionary, Oxford, Longman, and Cambridge still differentiate them
flavour ~ flavor
flavoured ~ flavored
flavouring ~ flavoring
flavourings ~ flavorings
flavourless ~ flavorless
flavours ~ flavors
flavoursome ~ flavorsome
flesh-coloured ~ flesh-colored
fleshcoloured ~ fleshcolored
forecolour ~ forecolor
forecolours ~ forecolors
garnet-coloured ~ garnet-colored
gold-coloured ~ gold-colored
governours ~ governors
handcolour ~ handcolor
//harbour - Wiktionary, Oxford, Longman, and Cambridge still differentiate them
harbour ~ harbor
harboured ~ harbored
harbouring ~ harboring
harbours ~ harbors
heritours ~ heritors
honey-coloured ~ honey-colored
honour ~ honor
honourable ~ honorable
honourably ~ honorably
honoured ~ honored
honouring ~ honoring
honours ~ honors
horrour ~ horror
humour ~ humor
humoured ~ humored
humouring ~ humoring
humourless ~ humorless
humours ~ humors
labour ~ labor
laboured ~ labored
labourer ~ laborer
labourers ~ laborers
labouring ~ laboring
labours ~ labors
languour ~ languor
languours ~ languors
lead-coloured ~ lead-colored
malodour ~ malodor
metal-coloured ~ metal-colored
metallic-coloured ~ metallic-colored
mirrours ~ mirrors
misbehaviour ~ misbehavior
misbehaviours ~ misbehaviors
miscolour ~ miscolor
miscolouration ~ miscoloration
miscoloured ~ miscolored
miscolouring ~ miscoloring
miscolours ~ miscolors
misdemeanour ~ misdemeanor
misdemeanours ~ misdemeanors
monocoloured ~ monocolored
mould ~ mold
moulded ~ molded
moulder ~ molder
mouldered ~ moldered
mouldering ~ moldering
moulders ~ molders
mouldier ~ moldier
mouldiest ~ moldiest
moulding ~ molding
mouldings ~ moldings
moulds ~ molds
mouldy ~ moldy
moult ~ molt
moulted ~ molted
moulting ~ molting
moults ~ molts
multi-colour ~ multi-color
multi-coloured ~ multi-colored
multicolour ~ multicolor
multicoloured ~ multicolored
multicolours ~ multicolors
neighbour ~ neighbor
neighbourhood ~ neighborhood
neighbourhoods ~ neighborhoods
neighbouring ~ neighboring
neighbourliness ~ neighborliness
neighbourly ~ neighborly
neighbours ~ neighbors
neutral-coloured ~ neutral-colored
odour ~ odor
odourless ~ odorless
odours ~ odors
off-colour ~ off-color
olive-coloured ~ olive-colored
orange-coloured ~ orange-colored
overcolour ~ overcolor
overcoloured ~ overcolored
parlour ~ parlor
parlourmaid ~ parlormaid
parlourmaids ~ parlormaids
parlours ~ parlors
particoloured ~ particolored
peachy-coloured ~ peachy-colored
pernickety ~ persnickety
pretour ~ pretor
pretours ~ pretors
pseudocolour ~ pseudocolor
pseudocoloured ~ pseudocolored
pseudocolouring ~ pseudocoloring
pseudocolours ~ pseudocolors
pseudotumour ~ pseudotumor
pseudotumours ~ pseudotumors
rancour ~ rancor
recolour ~ recolor
recolourable ~ recolorable
recolouration ~ recoloration
recolourations ~ recolorations
recoloured ~ recolored
recolourin' ~ recolorin'
recolouring ~ recoloring
recolours ~ recolors
remould ~ remold
remoulded ~ remolded
remoulding ~ remolding
remoulds ~ remolds
rigour ~ rigor
rigours ~ rigors
rose-coloured ~ rose-colored
rumour ~ rumor
rumoured ~ rumored
rumouring ~ rumoring
rumourmonger ~ rumormonger
rumourmongers ~ rumormongers
rumours ~ rumors
saviour ~ savior
saviours ~ saviors
savour ~ savor
savoured ~ savored
savouries ~ savories
savouring ~ savoring
savours ~ savors
savoury ~ savory
self-coloured ~ self-colored
smoulder ~ smolder
smouldered ~ smoldered
smouldering ~ smoldering
smoulders ~ smolders
snuff-colour ~ snuff-color
solid-coloured ~ solid-colored
splendour ~ splendor
splendours ~ splendors
straw-coloured ~ straw-colored
succour ~ succor
succoured ~ succored
succouring ~ succoring
succours ~ succors
tabour ~ tabor
tabours ~ tabors
tawny-coloured ~ tawny-colored
technicolour ~ technicolor
technicoloured ~ technicolored
topcolour ~ topcolor
torpour ~ torpor
tricolour ~ tricolor
tricoloured ~ tricolored
tricolourous ~ tricolorous
tricolours ~ tricolors
tumour ~ tumor
tumours ~ tumors
uncolourable ~ uncolorable
uncoloured ~ uncolored
uncolourful ~ uncolorful
unfavourable ~ unfavorable
unfavourably ~ unfavorably
unicolour ~ unicolor
unicolourous ~ unicolorous
unsavoury ~ unsavory
valour ~ valor
vapour ~ vapor
vapoured ~ vapored
vapouring ~ vaporing
vapours ~ vapors
varicoloured ~ varicolored
vavasour ~ vavasor
vavasours ~ vavasors
versicolour ~ versicolor
versicoloured ~ versicolored
vigour ~ vigor
violet-coloured ~ violet-colored
water-colour ~ water-color
watercolour ~ watercolor
watercoloured ~ watercolored
watercolourist ~ watercolorist
watercolourists ~ watercolorists
watercolours ~ watercolors
wine-coloured ~ wine-colored

// re => er

accoutrement ~ accouterment
accoutrements ~ accouterments
amphitheatre ~ amphitheater
amphitheatres ~ amphitheaters
calibre ~ caliber
calibres ~ calibers
centilitre ~ centiliter
centilitres ~ centiliters
centimetre ~ centimeter
centimetres ~ centimeters
centre ~ center
centreboard ~ centerboard
centrefold ~ centerfold
centrefolds ~ centerfolds
centrepiece ~ centerpiece
centrepieces ~ centerpieces
centres ~ centers
epicentre ~ epicenter
epicentres ~ epicenters
fibre ~ fiber
fibreglass ~ fiberglass
fibres ~ fibers
goitre ~ goiter
goitres ~ goiters
kilometre ~ kilometer
kilometres ~ kilometers
lacklustre ~ lackluster
litre ~ liter
litres ~ liters
louvre ~ louver
louvres ~ louvers
lustre ~ luster
lustres ~ lusters
meagre ~ meager
metacentre ~ metacenter
metacentres ~ metacenters
metre ~ meter
metres ~ meters
micrometre ~ micrometer
micrometres ~ micrometers
millilitre ~ milliliter
millilitres ~ milliliters
millimetre ~ millimeter
millimetres ~ millimeters
mitre ~ miter
mitres ~ miters
nitre ~ niter
philtre ~ philter
philtres ~ philters
reconnoitre ~ reconnoiter
reconnoitres ~ reconnoiters
sabre ~ saber
sabres ~ sabers
saltpetre ~ saltpeter
sceptre ~ scepter
sceptres ~ scepters
sepulchre ~ sepulcher
sepulchres ~ sepulchers
sombre ~ somber
spectre ~ specter
spectres ~ specters
theatregoer ~ theatergoer
theatregoers ~ theatergoers
titre ~ titer
titres ~ titers

// oe => e, ae => e

abetalipoproteinaemia ~ abetalipoproteinemia
aeon ~ eon
aeons ~ eons
aetiology ~ etiology
agammaglobulinaemia ~ agammaglobulinemia
albuminaemia ~ albuminemia
alcoholaemia ~ alcoholemia
anaemia ~ anemia
anaemias ~ anemias
anaemic ~ anemic
anaesthesia ~ anesthesia
anaesthesias ~ anesthesias
anaesthetic ~ anesthetic
anaesthetics ~ anesthetics
anaesthetist ~ anesthetist
anaesthetists ~ anesthetists
anaesthetize ~ anesthetize
anaesthetized ~ anesthetized
anaesthetizes ~ anesthetizes
anaesthetizing ~ anesthetizing
anoxaemia ~ anoxemia
antigenaemia ~ antigenemia
antileukaemic ~ antileukemic
azotaemia ~ azotemia
bacteraemia ~ bacteremia
bougainvillaea ~ bougainvillea
bougainvillaeas ~ bougainvilleas
caesium ~ cesium
carboxyhaemoglobin ~ carboxyhemoglobin
caesarean ~ cesarean
chimaera ~ chimera
chimaeras ~ chimeras
chimaeric ~ chimeric
cholesterolaemia ~ cholesterolemia
cryoglobulinaemia ~ cryoglobulinemia
cyclopaedia ~ cyclopedia
deoxyhaemoglobin ~ deoxyhemoglobin
diarrhoea ~ diarrhea
diarrhoeas ~ diarrheas
dysbetalipoproteinaemia ~ dysbetalipoproteinemia
dyslipidaemia ~ dyslipidemia
encyclopaedia ~ encyclopedia
encyclopaediae ~ encyclopediae
encyclopaedias ~ encyclopedias
encyclopaedic ~ encyclopedic
endotoxaemia ~ endotoxemia
euglycaemia ~ euglycemia
faecal ~ fecal
faeces ~ feces
foetal ~ fetal
foetid ~ fetid
foetus ~ fetus
foetuses ~ fetuses
fungaemia ~ fungemia
galactosaemia ~ galactosemia
glycaemia ~ glycemia
gonorrhoea ~ gonorrhea
gonorrhoeas ~ gonorrheas
gynaecological ~ gynecological
gynaecologies ~ gynecologies
gynaecologist ~ gynecologist
gynaecologists ~ gynecologists
gynaecology ~ gynecology
haematein ~ hematein
haemateins ~ hemateins
haematocele ~ hematocele
haematocrit ~ hematocrit
haematocrits ~ hematocrits
haematogenous ~ hematogenous
haematological ~ hematological
haematologist ~ hematologist
haematologists ~ hematologists
haematology ~ hematology
haematoma ~ hematoma
haematomas ~ hematomas
haematophagous ~ hematophagous
haematopoiesis ~ hematopoiesis
haematopoietic ~ hematopoietic
haematoxylin ~ hematoxylin
haematoxylins ~ hematoxylins
haemochromatosis ~ hemochromatosis
haemocoel ~ hemocoel
haemocyanin ~ hemocyanin
haemocyte ~ hemocyte
haemocytes ~ hemocytes
haemocytometer ~ hemocytometer
haemodialyses ~ hemodialyses
haemodialysis ~ hemodialysis
haemodynamic ~ hemodynamic
haemodynamically ~ hemodynamically
haemodynamics ~ hemodynamics
haemogenic ~ hemogenic
haemoglobin ~ hemoglobin
haemoglobinopathies ~ hemoglobinopathies
haemoglobinopathy ~ hemoglobinopathy
haemoglobins ~ hemoglobins
haemoglobinuria ~ hemoglobinuria
haemoglobinurias ~ hemoglobinurias
haemolymph ~ hemolymph
haemolysate ~ hemolysate
haemolysin ~ hemolysin
haemolysins ~ hemolysins
haemolysis ~ hemolysis
haemolytic ~ hemolytic
haemophilia ~ hemophilia
haemophiliac ~ hemophiliac
haemophiliacs ~ hemophiliacs
haemophilic ~ hemophilic
haemophobia ~ hemophobia
haemopoiesis ~ hemopoiesis
haemopoietic ~ hemopoietic
haemoprotein ~ hemoprotein
haemoproteins ~ hemoproteins
haemoptysis ~ hemoptysis
haemorrhage ~ hemorrhage
haemorrhaged ~ hemorrhaged
haemorrhages ~ hemorrhages
haemorrhagic ~ hemorrhagic
haemorrhaging ~ hemorrhaging
haemorrhoid ~ hemorrhoid
haemorrhoids ~ hemorrhoids
haemostasis ~ hemostasis
haemostat ~ hemostat
haemostatic ~ hemostatic
haemostats ~ hemostats
haemotoxylin ~ hemotoxylin
haemozoin ~ hemozoin
histidinaemia ~ histidinemia
homoeopath ~ homeopath
homoeopathic ~ homeopathic
homoeopaths ~ homeopaths
homoeopathy ~ homeopathy
homoeostasis ~ homeostasis
hydraemia ~ hydremia
hyperaemia ~ hyperemia
hyperbilirubinaemia ~ hyperbilirubinemia
hypercalcaemia ~ hypercalcemia
hypercholesteraemia ~ hypercholesteremia
hypercholesterolaemia ~ hypercholesterolemia
hyperglycaemia ~ hyperglycemia
hyperhomocysteinaemia ~ hyperhomocysteinemia
hyperinsulinaemia ~ hyperinsulinemia
hyperkalaemia ~ hyperkalemia
hyperlipidaemia ~ hyperlipidemia
hyperlipoproteinaemia ~ hyperlipoproteinemia
hyperprolactinaemia ~ hyperprolactinemia
hypertriglyceridaemia ~ hypertriglyceridemia
hyperuricaemia ~ hyperuricemia
hypervolaemia ~ hypervolemia
hypoalbuminaemia ~ hypoalbuminemia
hypocalcaemia ~ hypocalcemia
hypogammaglobulinaemia ~ hypogammaglobulinemia
hypoglycaemia ~ hypoglycemia
hypoinsulinaemia ~ hypoinsulinemia
hypomagnesaemia ~ hypomagnesemia
hyponatraemia ~ hyponatremia
hypophosphataemia ~ hypophosphatemia
hypouricaemia ~ hypouricemia
hypoxaemia ~ hypoxemia
insulinaemia ~ insulinemia
ischaemia ~ ischemia
ketonaemia ~ ketonemia
leukaemia ~ leukemia
leukaemias ~ leukemias
leukaemic ~ leukemic
leukaemogenesis ~ leukemogenesis
macroglobulinaemia ~ macroglobulinemia
mediaeval ~ medieval
mediaevals ~ medievals
menorrhoea ~ menorrhea
methaemoglobin ~ methemoglobin
methaemoglobinaemia ~ methemoglobinaemia
methemoglobinaemia ~ methemoglobinemia
natraemia ~ natremia
nonhaemolytic ~ nonhemolytic
normokalaemia ~ normokalemia
oedema ~ edema
oedemata ~ edemata
oenology ~ enology
oesophagoscope ~ esophagoscope
oesophagus ~ esophagus
oestrogen ~ estrogen
oestrogens ~ estrogens
oestrous ~ estrous
orthopaedic ~ orthopedic
orthopaedics ~ orthopedics
oxyhaemoglobin ~ oxyhemoglobin
paedagogies ~ pedagogies
paedagogy ~ pedagogy
paederast ~ pederast
paederasts ~ pederasts
paediatric ~ pediatric
paediatrician ~ pediatrician
paediatricians ~ pediatricians
paediatrics ~ pediatrics
paedophile ~ pedophile
paedophiles ~ pedophiles
paedophilia ~ pedophilia
palaeobotany ~ paleobotany
palaeocene ~ paleocene
palaeoclimatology ~ paleoclimatology
palaeogeography ~ paleogeography
palaeographies ~ paleographies
palaeography ~ paleography
palaeolithic ~ paleolithic
palaeomagnetism ~ paleomagnetism
palaeontologist ~ paleontologist
palaeontologists ~ paleontologists
palaeontology ~ paleontology
palaeozoic ~ paleozoic
parasitaemia ~ parasitemia
pharmacopoeia ~ pharmacopeia
pharmacopoeias ~ pharmacopeias
polycythaemia ~ polycythemia
praesidium ~ presidium
praesidiums ~ presidiums
primaeval ~ primeval
pyaemia ~ pyemia
septicaemia ~ septicemia
thalassaemia ~ thalassemia
toxaemia ~ toxemia
toxaemias ~ toxemias
tyrosinaemia ~ tyrosinemia
uraemia ~ uremia
viraemia ~ viremia

// ll => l (in word forms)

backpedalled ~ backpedaled
backpedalling ~ backpedaling
bedevilled ~ bedeviled
bedevilling ~ bedeviling
bejewelled ~ bejeweled
bevelled ~ beveled
calliper ~ caliper
callipers ~ calipers
callisthenics ~ calisthenics
cancelled ~ canceled
cancelling ~ canceling
carolled ~ caroled
carolling ~ caroling
carollings ~ carolings
cavilled ~ caviled
cavilling ~ caviling
cavillings ~ cavilings
channelled ~ channeled
channelling ~ channeling
chilli ~ chili
chillies ~ chilies
chiselled ~ chiseled
chiselling ~ chiseling
councillor ~ councilor
councillors ~ councilors
counselled ~ counseled
counselling ~ counseling
//counsellor - Wiktionary, Oxford, Longman, and Cambridge still differentiate them
counsellor ~ counselor
counsellors ~ counselors
crenellate ~ crenelate
crenellated ~ crenelated
crenellates ~ crenelates
crenellating ~ crenelating
crueller ~ crueler
cruellest ~ cruelest
cudgelled ~ cudgeled
cudgelling ~ cudgeling
dialled ~ dialed
dialling ~ dialing
dialling ~ dialing
diallings ~ dialings
disembowelled ~ disemboweled
disembowelling ~ disemboweling
disembowellings ~ disembowelings
dishevelled ~ disheveled
drivelled ~ driveled
drivelling ~ driveling
duelled ~ dueled
duelling ~ dueling
enamelled ~ enameled
enamelling ~ enameling
equalled ~ equaled
funnelled ~ funneled
funnelling ~ funneling
gambolled ~ gamboled
gambolling ~ gamboling
gravelled ~ graveled
gravelling ~ graveling
grovelled ~ groveled
grovelling ~ groveling
gruelling ~ grueling
gruellingly ~ gruelingly
impanelled ~ impaneled
impanelling ~ impaneling
imperilled ~ imperiled
imperilling ~ imperiling
initialled ~ initialed
initialling ~ initialing
jewelled ~ jeweled
jeweller ~ jeweler
jewellers ~ jewelers
labelled ~ labeled
labeller ~ labeler
labellers ~ labelers
labelling ~ labeling
labellings ~ labelings
levelled ~ leveled
leveller ~ leveler
levellers ~ levelers
levelling ~ leveling
libelled ~ libeled
libelling ~ libeling
libellous ~ libelous
marshalled ~ marshaled
marshalling ~ marshaling
marvelled ~ marveled
marvelling ~ marveling
marvellous ~ marvelous
marvellously ~ marvelously
metallize ~ metalize
metallized ~ metalized
metallizing ~ metalizing
//modelled - Wiktionary, Longman, Cambridge, Oxford, and Google ngrams still give two variants
modelled ~ modeled
modeller ~ modeler
modellers ~ modelers
modelling ~ modeling
modellings ~ modelings
panelled ~ paneled
panelling ~ paneling
panellist ~ panelist
panellists ~ panelists
parcelling ~ parceling
pedalled ~ pedaled
pedalling ~ pedaling
pencilled ~ penciled
pencilling ~ penciling
quarrelled ~ quarreled
quarrelling ~ quarreling
ravelled ~ raveled
ravelling ~ raveling
refuelled ~ refueled
refuelling ~ refueling
refuellings ~ refuelings
remodelled ~ remodeled
remodelling ~ remodeling
remodellings ~ remodelings
revelled ~ reveled
reveller ~ reveler
revellers ~ revelers
revelling ~ reveling
rivalled ~ rivaled
rivalling ~ rivaling
shovelled ~ shoveled
shovelling ~ shoveling
shrivelled ~ shriveled
shrivelling ~ shriveling
signalled ~ signaled
signalling ~ signaling
signallings ~ signalings
snivelled ~ sniveled
snivelling ~ sniveling
snorkelled ~ snorkeled
snorkelling ~ snorkeling
spiralled ~ spiraled
spiralling ~ spiraling
squirrelled ~ squirreled
squirrelling ~ squirreling
stencilled ~ stenciled
stencilling ~ stenciling
swivelled ~ swiveled
swivelling ~ swiveling
tasselled ~ tasseled
totalled ~ totaled
totalling ~ totaling
towelled ~ toweled
towelling ~ toweling
towellings ~ towelings
trammelled ~ trammeled
trammelling ~ trammeling
tranquillize ~ tranquilize
tranquillized ~ tranquilized
tranquillizer ~ tranquilizer
tranquillizers ~ tranquilizers
tranquillizes ~ tranquilizes
tranquillizing ~ tranquilizing
travelled ~ traveled
traveller ~ traveler
travellers ~ travelers
travelling ~ traveling
travellings ~ travelings
trialled ~ trialed
trialling ~ trialing
tunnelled ~ tunneled
tunnelling ~ tunneling
tunnellings ~ tunnelings
unequalled ~ unequaled
unravelled ~ unraveled
unravelling ~ unraveling
unrivalled ~ unrivaled
untrammelled ~ untrammeled
weaselled ~ weaseled
weaselling ~ weaseling
woollen ~ woolen
woollens ~ woolens
yodelled ~ yodeled
yodelling ~ yodeling

// ce => se

defence ~ defense
defenceless ~ defenseless
defences ~ defenses
licence ~ license
licenced ~ licensed
licences ~ licenses
licencing ~ licensing
offence ~ offense
offences ~ offenses
pretence ~ pretense
pretences ~ pretenses

// ph => f

bisulphate ~ bisulfate
bisulphates ~ bisulfates
bisulphite ~ bisulfite
bisulphites ~ bisulfites
disulphide ~ disulfide
disulphides ~ disulfides
hydrosulphite ~ hydrosulfite
hydrosulphites ~ hydrosulfites
pyrosulphite ~ pyrosulfite
pyrosulphites ~ pyrosulfites
sulphate ~ sulfate
sulphated ~ sulfated
sulphates ~ sulfates
sulphating ~ sulfating
sulphide ~ sulfide
sulphides ~ sulfides
sulphite ~ sulfite
sulphites ~ sulfites
sulphur ~ sulfur
sulphured ~ sulfured
sulphuring ~ sulfuring
sulphurous ~ sulfurous
sulphurs ~ sulfurs

// other

abridgement ~ abridgment
abridgements ~ abridgments
acknowledgement ~ acknowledgment
acknowledgements ~ acknowledgments
aerogramme ~ aerogram
aerogrammes ~ aerograms
aeroplane ~ airplane
aeroplanes ~ airplanes
afterwards ~ afterward
ageing ~ aging
ageings ~ agings
almanack ~ almanac
almanacks ~ almanacs
aluminium ~ aluminum
ambience ~ ambiance
ambiences ~ ambiances
//analogue - Wiktionary, Oxford, Longman, and Cambridge still differentiate them
analogue ~ analog
analogues ~ analogs
annexe ~ annex
apophthegm ~ apothegm
apophthegms ~ apothegms
appal ~ appall
appaled ~ appalled
appaling ~ appalling
appals ~ appalls
archepiscopal ~ archiepiscopal
//art[ei]fact is justifiable here http://grammarist.com/spelling/artefact-artifact/; Wiktionary, Longman & Oxford living dict indicate difference.
artefact ~ artifact
artefacts ~ artifacts
atishoo ~ achoo
atishoos ~ achoos
axe ~ ax
backwards ~ backward
bannister ~ banister
bannisters ~ banisters
barque ~ bark
barqued ~ barked
barques ~ barks
barquing ~ barking
battleaxe ~ battleax
baulk ~ balk
baulked ~ balked
baulking ~ balking
baulks ~ balks
behove ~ behoove
behoved ~ behooved
behoves ~ behooves
behoving ~ behooving
bevvies ~ bevies
bevvy ~ bevy
carburettor ~ carburetor
carburettors ~ carburetors
carcase ~ carcass
carcases ~ carcasses
catalogue ~ catalog
catalogued ~ cataloged
catalogues ~ catalogs
cataloguing ~ cataloging
centigramme ~ centigram
centigrammes ~ centigrams
centred ~ centered
centring ~ centering
centrings ~ centerings
chequebook ~ checkbook
chequebooks ~ checkbooks
clarinettist ~ clarinetist
clarinettists ~ clarinetists
collectable ~ collectible
collectables ~ collectibles
collonaded ~ colonnaded
compleat ~ complete
compleated ~ completed
compleater ~ completer
compleaters ~ completers
compleates ~ completes
compleatest ~ completest
compleating ~ completing
cosied ~ cozied
cosier ~ cozier
cosies ~ cozies
cosiest ~ coziest
cosily ~ cozily
cosiness ~ coziness
cosy ~ cozy
cosying ~ cozying
cypher ~ cipher
cyphers ~ ciphers
deprogramme ~ deprogram
distil ~ distill
distils ~ distills
doodah ~ doodad
doodahs ~ doodads
// possible meaning change
// dyke ~ dike
// dyked ~ diked
// dykes ~ dikes
empanel ~ impanel
empanelled ~ impanelled
empanelling ~ impanelling
empanels ~ impanels
enquiries ~ inquiries
enquiry ~ inquiry
enrol ~ enroll
enrols ~ enrolls
ensorcel ~ ensorcell
ensorceled ~ ensorcelled
ensorceling ~ ensorcelling
ensorcels ~ ensorcells
enthral ~ enthrall
enthraled ~ enthralled
enthraling ~ enthralling
enthrals ~ enthralls
epaulette ~ epaulet
epaulettes ~ epaulets
flautist ~ flutist
flautists ~ flutists
fledgeling ~ fledgling
fledgelings ~ fledglings
fulfil ~ fulfill
fulfiled ~ fulfilled
fulfiling ~ fulfilling
fulfilment ~ fulfillment
fulfils ~ fulfills
furore ~ furor
furores ~ furors
gaol ~ jail
gaolbird ~ jailbird
gaolbirds ~ jailbirds
gaolbreak ~ jailbreak
gaolbreaking ~ jailbreaking
gaolbreaks ~ jailbreaks
gaolbroke ~ jailbroke
gaolbroken ~ jailbroken
gaoled ~ jailed
gaoler ~ jailer
gaolers ~ jailers
gaoling ~ jailing
gaolings ~ jailings
gaols ~ jails
gipsies ~ gypsies
gipsy ~ gypsy
glueing ~ gluing
goloshes ~ galoshes
gramme ~ gram
grammes ~ grams
groyne ~ groin
groynes ~ groins
gryphon ~ griffin
gryphons ~ griffins
haulier ~ hauler
hauliers ~ haulers
homologue ~ homolog
homologues ~ homologs
inclosure ~ enclosure
inclosures ~ enclosures
inflexion ~ inflection
inflexions ~ inflections
instal ~ install
instaled ~ installed
instaling ~ installing
instalment ~ installment
instalments ~ installments
instals ~ installs
instil ~ instill
instiled ~ instilled
instiling ~ instilling
instils ~ instills
jewellery ~ jewelry
judgement ~ judgment
judgements ~ judgments
kerb ~ curb
kerbed ~ curbed
kerbing ~ curbing
kerbings ~ curbings
kerbs ~ curbs
kilogramme ~ kilogram
kilogrammes ~ kilograms
leant ~ leaned
leapt ~ leaped
learnt ~ learned
likeable ~ likable
liquorice ~ licorice
liquorices ~ licorices
louvred ~ louvered
lustred ~ lustered
lustring ~ lustering
manoeuvrability ~ maneuverability
manoeuvrable ~ maneuverable
manoeuvre ~ maneuver
manoeuvred ~ maneuvered
manoeuvres ~ maneuvers
manoeuvring ~ maneuvering
manoeuvrings ~ maneuverings
meagrest ~ meagerest
mementoes ~ mementos
metred ~ metered
metring ~ metering
microprogramme ~ microprogram
microprogrammes ~ microprograms
milligramme ~ milligram
milligrammes ~ milligrams
minibuses ~ minibusses
misjudgement ~ misjudgment
misjudgements ~ misjudgments
misspelt ~ misspelled
mitred ~ mitered
mitring ~ mitering
mollusc ~ mollusk
molluscs ~ mollusks
moustache ~ mustache
moustached ~ mustached
moustaches ~ mustaches
moustachioed ~ mustachioed
nett ~ net
neurone ~ neuron
neurones ~ neurons
north-easts ~ northeasts
north-west ~ northwest
north-wests ~ northwests
nought ~ naught
oesophagal ~ esophageal
omelette ~ omelet
omelettes ~ omelets
outmanoeuvre ~ outmaneuver
outmanoeuvred ~ outmaneuvered
outmanoeuvres ~ outmaneuvers
outmanoeuvring ~ outmaneuvering
phial ~ vial
phialed ~ vialed
phialing ~ vialing
phials ~ vials
philtred ~ philtered
philtring ~ philtering
phoney ~ phony
plough ~ plow
ploughboy ~ plowboy
ploughboys ~ plowboys
ploughed ~ plowed
plougher ~ plower
ploughers ~ plowers
ploughgirl ~ plowgirl
ploughgirls ~ plowgirls
ploughing ~ plowing
ploughman ~ plowman
ploughmen ~ plowmen
ploughs ~ plows
ploughshare ~ plowshare
ploughshares ~ plowshares
ploughwoman ~ plowwoman
ploughwomen ~ plowwomen
ploughwright ~ plowwright
ploughwrights ~ plowwrights
polyethene ~ polyethylene
pouffe ~ pouf
pouffes ~ poufs
practise ~ practice
practised ~ practiced
practises ~ practices
practising ~ practicing
prefered ~ preferred
prefereds ~ preferreds
programme ~ program
programmes ~ programs
pyjama ~ pajama
pyjamas ~ pajamas
racoon ~ raccoon
racoons ~ raccoons
reconnoitred ~ reconnoitered
reconnoitring ~ reconnoitering
reconnoitrings ~ reconnoiterings
retroflexion ~ retroflection
retroflexions ~ retroflections
routeing ~ routing
routeings ~ routings
sceptic ~ skeptic
sceptical ~ skeptical
sceptically ~ skeptically
scepticism ~ skepticism
scepticisms ~ skepticisms
scepticist ~ skepticist
scepticists ~ skepticists
sceptics ~ skeptics
sceptred ~ sceptered
sceptring ~ sceptering
selvedge ~ selvage
selvedges ~ selvages
sepulchred ~ sepulchered
sepulchring ~ sepulchering
sheikh ~ sheik
sheikhs ~ sheiks
shoppe ~ shop
shoppes ~ shops
skilful ~ skillful
sledge ~ sled
sledged ~ sledded
sledges ~ sleds
sledging ~ sledding
sledgings ~ sleddings
snowplough ~ snowplow
snowploughed ~ snowplowed
snowploughing ~ snowplowing
snowploughs ~ snowplows
sombrer ~ somberer
sombrest ~ somberest
south-east ~ southeast
south-easts ~ southeasts
south-west ~ southwest
south-wests ~ southwests
specialities ~ specialties
speciality ~ specialty
spelt ~ spelled
spilt ~ spilled
storey ~ story
storeys ~ stories
syphon ~ siphon
syphoned ~ siphoned
syphoning ~ siphoning
syphons ~ siphons
tabletting ~ tableting
tranquilly ~ tranquility
transhipment ~ transshipment
tyre ~ tire
tyred ~ tired
tyreder ~ tireder
tyredest ~ tiredest
tyres ~ tires
tyring ~ tiring
tyrings ~ tirings
unspoilt ~ unspoiled
waggon ~ wagon
waggoned ~ wagoned
waggoning ~ wagoning
waggons ~ wagons
yoghourt ~ yogurt
yoghourts ~ yogurts
yoghurt ~ yogurt
yoghurts ~ yogurts

//

//almhouse almshouse
//almhouses almshouses
//annexeing is a non-existent word :)
//annexeing annexing
//archaeological archeological
//archaeologically archeologically
//archaeologist archeologist
//archaeologists archeologists
//archaeology archeology
//barbeque barbecue
//barbequed barbecued
//barbeques barbecues
//barbequing barbecuing
//Benedectine Benedictine
//biassed biased
//biassing biasing
//caesarian is given as an alternative (not a dialect) spelling only in Wiktionary and Oxford, acceptance rate 1:16
//caesarian caesarean
//casarian is given as an alternative (not a dialect) spelling only in Wiktionary and Oxford, acceptance rate 1:16
//cesarian cesarean
//commision is a non-existent word
//commision ~ commission
//commisioned ~ commissioned
//commisioning ~ commissioning
//commisions ~ commissions
//disced disked
//discing disking
//draught draft
//draughtboard draftboard
//draughtboards draftboards
//draughted drafted
//draughtier draftier
//draughtiest draftiest
//draughting drafting
//draughtings draftings
//draughts drafts
//draughtsman draftsman
//draughtsmanship draftsmanship
//draughtsmen draftsmen
//draughtswoman draftswoman
//draughtswomen draftswomen
//draughty drafty
//enroled enrolled
//enroling enrolling
//enrolment enrollment
//enrolments enrollments
//gases gasses - "gasses" is very rare, 42:1-gases:gasses
//glamour glamor - "glamor" is less common than "glamour"
//glicerine glycerin
//heydey ~ heyday
//heydeys ~ heydays
//mum - although Wiktionary, Macmillan and Longman indicate the difference with mum-mom, the acceptance rate is 1:5.2
//mum - also speakers on the forums say it's very regional specific
//mum mom
//mums moms
//monologue has common meaning for both AmE and BrE
//monologue monolog
//monologues monologs
//neighbourlier neighborlier
//neighbourliest neighborliest
//octogonal octagonal
//oesophaguses esophaguses
//paedophilias pedophilias
//panti-hose pantyhose
//panti-hoses pantyhoses
//polyethenes polyethylenes
//praesidia presidia
//prologue has common meaning in both BrE and AmE
//prologue prolog
//prologues prologs
//pummelled pummel
//pummelleding pummeling
//pummelledings pummelings
//pummelleds pummels
//pummelling pummeled
//serjeant is obsolete, not BrE
//serjeant sergeant
//serjeants sergeants
//storyed storied
//sulphuretted sulfureted
//theatre - https://grammarly.atlassian.net/browse/FPFN-3081 and https://grammarly.atlassian.net/browse/FPFN-3665
//theatre theater
//theatres theaters
//tonne and ton describe two different concepts http://grammarist.com/spelling/ton-tonne/
//tonne ton
//tonnes tons
//videodisc videodisk
//videodiscs videodisks
//woollier woolier
//woollies woolies
//woolliest wooliest
//woolly wooly
//worshipped https://grammarly.atlassian.net/browse/FPFN-2717
//worshipped worshiped
//worshipping worshiping
//"grey" and "gray" are both used in US, "gray" is more common
//grey ~ gray
//greyed ~ grayed
//greyer ~ grayer
//greyest ~ grayest
//greying ~ graying
//greyish ~ grayish
//greyness ~ grayness
//greys ~ grays
//"amoeba" and "ameba" have different meanings in US
//amoeba ~ ameba
//"epilogue" and "epilog" have different meanings in US
//epilogue ~ epilog
//epilogues ~ epilogs
//different meanings: https://sciencenotes.org/karat-vs-carat/
//carat ~ karat
//carats ~ karats
