// gr-dict 1.0
// Unidirectional transformation from American-spelled words to their British
// counterparts. Note that this dictionary doesn't allow for 100% reliable
// tranformation as it doesn't contain many compound words.
//
// @type = one-to-one
// @case-sensitive = false
// @dialect-sensitive = true
// @tags = dialect

yogurts ~ yoghurts
yogurt ~ yoghurt
yodeling ~ yodelling
yodeled ~ yodelled
worshiped ~ worshipped
wooly ~ woolly
wooliest ~ woolliest
woolies ~ woollies
woolier ~ woollier
woolens ~ woollens
woolen ~ woollen
womanizing ~ womanising
womanizes ~ womanises
womanizers ~ womanisers
womanizer ~ womaniser
womanized ~ womanised
womanize ~ womanise
westernizing ~ westernising
westernizes ~ westernises
westernized ~ westernised
westernize ~ westernise
westernization ~ westernisation
weaseling ~ weaselling
weaseled ~ weaselled
watercolors ~ watercolours
watercolor ~ watercolour
wagons ~ waggons
wagoning ~ waggoning
wagoned ~ waggoned
wagon ~ waggon
vulgarizing ~ vulgarising
vulgarizes ~ vulgarises
vulgarized ~ vulgarised
vulgarize ~ vulgarise
vulgarization ~ vulgarisation
vulcanizing ~ vulcanising
vulcanizes ~ vulcanises
vulcanized ~ vulcanised
vulcanize ~ vulcanise
vocalizing ~ vocalising
vocalizes ~ vocalises
vocalized ~ vocalised
vocalize ~ vocalise
vocalizations ~ vocalisations
vocalization ~ vocalisation
visualizing ~ visualising
visualizes ~ visualises
visualized ~ visualised
visualize ~ visualise
visualizations ~ visualisations
visualization ~ visualisation
vises ~ vices
vise ~ vice
vigor ~ vigour
//videodisks videodiscs
//videodisk videodisc
victimizing ~ victimising
victimizes ~ victimises
victimized ~ victimised
victimize ~ victimise
victimizations ~ victimisations
victimization ~ victimisation
vials ~ phials
vialing ~ phialing
vialed ~ phialed
vial ~ phial
verbalizing ~ verbalising
verbalizes ~ verbalises
verbalized ~ verbalised
verbalize ~ verbalise
vapors ~ vapours
vaporizing ~ vaporising
vaporizes ~ vaporises
vaporizers ~ vaporisers
vaporizer ~ vaporiser
vaporized ~ vaporised
vaporize ~ vaporise
vaporizations ~ vaporisations
vaporization ~ vaporisation
vaporing ~ vapouring
vapored ~ vapoured
vapor ~ vapour
vandalizing ~ vandalising
vandalizes ~ vandalises
vandalized ~ vandalised
vandalize ~ vandalise
valor ~ valour
utilizing ~ utilising
utilizes ~ utilises
utilized ~ utilised
utilize ~ utilise
utilization ~ utilisation
utilizable ~ utilisable
urbanizing ~ urbanising
urbanizes ~ urbanises
urbanized ~ urbanised
urbanize ~ urbanise
urbanizations ~ urbanisations
urbanization ~ urbanisation
untrammeled ~ untrammelled
unspoiled ~ unspoilt
unsavory ~ unsavoury
unrivaled ~ unrivalled
unrecognized ~ unrecognised
unrecognizable ~ unrecognisable
unraveling ~ unravelling
unraveled ~ unravelled
unorganized ~ unorganised
unionizing ~ unionising
unionizes ~ unionises
unionized ~ unionised
unionize ~ unionise
unionizations ~ unionisations
unionization ~ unionisation
unfavorably ~ unfavourably
unfavorable ~ unfavourable
unequaled ~ unequalled
underutilizing ~ underutilising
underutilizes ~ underutilises
underutilized ~ underutilised
underutilize ~ underutilise
uncivilized ~ uncivilised
unauthorized ~ unauthorised
tyrannizing ~ tyrannising
tyrannizes ~ tyrannises
tyrannized ~ tyrannised
tyrannize ~ tyrannise
tunnelings ~ tunnellings
tunneling ~ tunnelling
tunneled ~ tunnelled
tumors ~ tumours
tumor ~ tumour
trivializing ~ trivialising
trivializes ~ trivialises
trivialized ~ trivialised
trivialize ~ trivialise
tricolors ~ tricolours
tricolor ~ tricolour
trialing ~ trialling
trialed ~ trialled
travelogs ~ travelogues
travelog ~ travelogue
travelings ~ travellings
traveling ~ travelling
travelers ~ travellers
traveler ~ traveller
traveled ~ travelled
traumatizing ~ traumatising
traumatizes ~ traumatises
traumatized ~ traumatised
traumatize ~ traumatise
transshipment ~ transhipment
transistorized ~ transistorised
tranquilizing ~ tranquillizing
tranquilizes ~ tranquillizes
tranquilizers ~ tranquillizers
tranquilizer ~ tranquillizer
tranquilized ~ tranquillized
tranquilize ~ tranquillize
tranquility ~ tranquillity
toxemias ~ toxaemias
toxemia ~ toxaemia
towelings ~ towellings
toweling ~ towelling
toweled ~ towelled
totaling ~ totalling
totaled ~ totalled
tons ~ tonnes
ton ~ tonne
theorizings ~ theorisings
theorizing ~ theorising
theorizes ~ theorises
theorized ~ theorised
theorize ~ theorise
theaters ~ theatres
theatergoers ~ theatregoers
theatergoer ~ theatregoer
theater ~ theatre
terrorizing ~ terrorising
terrorizes ~ terrorises
terrorized ~ terrorised
terrorize ~ terrorise
tenderizing ~ tenderising
tenderizes ~ tenderises
tenderized ~ tenderised
tenderize ~ tenderise
temporizing ~ temporising
temporizes ~ temporises
temporized ~ temporised
temporize ~ temporise
technicolor ~ technicolour
tasseled ~ tasselled
tantalizingly ~ tantalisingly
tantalizing ~ tantalising
tantalizes ~ tantalises
tantalized ~ tantalised
tantalize ~ tantalise
tableting ~ tabletting
systematizing ~ systematising
systematizes ~ systematises
systematized ~ systematised
systematize ~ systematise
systematizations ~ systematisations
systematization ~ systematisation
synthesizing ~ synthesising
synthesizes ~ synthesises
synthesizers ~ synthesisers
synthesizer ~ synthesiser
synthesized ~ synthesised
synthesize ~ synthesise
synchronizing ~ synchronising
synchronizes ~ synchronises
synchronized ~ synchronised
synchronize ~ synchronise
synchronizations ~ synchronisations
synchronization ~ synchronisation
sympathizing ~ sympathising
sympathizes ~ sympathises
sympathizers ~ sympathisers
sympathizer ~ sympathiser
sympathized ~ sympathised
sympathize ~ sympathise
symbolizing ~ symbolising
symbolizes ~ symbolises
symbolized ~ symbolised
symbolize ~ symbolise
swiveling ~ swivelling
swiveled ~ swivelled
summarizing ~ summarising
summarizes ~ summarises
summarized ~ summarised
summarize ~ summarise
sulfurs ~ sulphurs
sulfurous ~ sulphurous
sulfuring ~ sulphuring
//sulfureted sulphuretted
sulfured ~ sulphured
sulfur ~ sulphur
sulfites ~ sulphites
sulfite ~ sulphite
sulfides ~ sulphides
sulfide ~ sulphide
sulfating ~ sulphating
sulfates ~ sulphates
sulfated ~ sulphated
sulfate ~ sulphate
succors ~ succours
succoring ~ succouring
succored ~ succoured
succor ~ succour
subsidizing ~ subsidising
subsidizes ~ subsidises
subsidizers ~ subsidisers
subsidizer ~ subsidiser
subsidized ~ subsidised
subsidize ~ subsidise
subsidizations ~ subsidisations
subsidization ~ subsidisation
stylized ~ stylised
stylize ~ stylise
//storied storyed
stigmatizing ~ stigmatising
stigmatizes ~ stigmatises
stigmatized ~ stigmatised
stigmatize ~ stigmatise
stigmatizations ~ stigmatisations
stigmatization ~ stigmatisation
sterilizing ~ sterilising
sterilizes ~ sterilises
sterilizers ~ sterilisers
sterilizer ~ steriliser
sterilized ~ sterilised
sterilize ~ sterilise
sterilizations ~ sterilisations
sterilization ~ sterilisation
stenciling ~ stencilling
stenciled ~ stencilled
standardizing ~ standardising
standardizes ~ standardises
standardized ~ standardised
standardize ~ standardise
standardizations ~ standardisations
standardization ~ standardisation
stabilizing ~ stabilising
stabilizes ~ stabilises
stabilizers ~ stabilisers
stabilizer ~ stabiliser
stabilized ~ stabilised
stabilize ~ stabilise
stabilization ~ stabilisation
squirreling ~ squirrelling
squirreled ~ squirrelled
splendors ~ splendours
splendor ~ splendour
spiraling ~ spiralling
spiraled ~ spiralled
spilled ~ spilt
spelled ~ spelt
specters ~ spectres
specter ~ spectre
specialty ~ speciality
specialties ~ specialities
specializing ~ specialising
specializes ~ specialises
specialized ~ specialised
specialize ~ specialise
specializations ~ specialisations
specialization ~ specialisation
southwests ~ south-wests
southwest ~ south-west
southeasts ~ south-easts
southeast ~ south-east
somberest ~ sombrest
somberer ~ sombrer
somber ~ sombre
solemnizing ~ solemnising
solemnizes ~ solemnises
solemnized ~ solemnised
solemnize ~ solemnise
sodomizing ~ sodomising
sodomizes ~ sodomises
sodomized ~ sodomised
sodomize ~ sodomise
socializing ~ socialising
socializes ~ socialises
socialized ~ socialised
socialize ~ socialise
socializations ~ socialisations
socialization ~ socialisation
snowplows ~ snowploughs
snowplowing ~ snowploughing
snowplowed ~ snowploughed
snowplow ~ snowplough
snorkeling ~ snorkelling
snorkeled ~ snorkelled
sniveling ~ snivelling
sniveled ~ snivelled
smolders ~ smoulders
smoldering ~ smouldering
smoldered ~ smouldered
smolder ~ smoulder
sleds ~ sledges
sleddings ~ sledgings
sledding ~ sledging
sledded ~ sledged
sled ~ sledge
skillful ~ skilful
skeptics ~ sceptics
skepticists ~ scepticists
skepticist ~ scepticist
skepticisms ~ scepticisms
skepticism ~ scepticism
skeptically ~ sceptically
skeptical ~ sceptical
skeptic ~ sceptic
siphons ~ syphons
siphoning ~ syphoning
siphoned ~ syphoned
siphon ~ syphon
signalizing ~ signalising
signalizes ~ signalises
signalized ~ signalised
signalize ~ signalise
signalings ~ signallings
signaling ~ signalling
signaled ~ signalled
shriveling ~ shrivelling
shriveled ~ shrivelled
shoveling ~ shovelling
shoveled ~ shovelled
sheiks ~ sheikhs
sheik ~ sheikh
//sermonizings sermonisings
sermonizing ~ sermonising
sermonizes ~ sermonises
sermonized ~ sermonised
sermonize ~ sermonise
serializing ~ serialising
serializes ~ serialises
serialized ~ serialised
serialize ~ serialise
serializations ~ serialisations
serialization ~ serialisation
sergeants ~ serjeants
sergeant ~ serjeant
sepulchers ~ sepulchres
sepulchering ~ sepulchring
sepulchered ~ sepulchred
sepulcher ~ sepulchre
sentimentalizing ~ sentimentalising
sentimentalizes ~ sentimentalises
sentimentalized ~ sentimentalised
sentimentalize ~ sentimentalise
sensitizing ~ sensitising
sensitizes ~ sensitises
sensitized ~ sensitised
sensitize ~ sensitise
sensationalizing ~ sensationalising
sensationalizes ~ sensationalises
sensationalized ~ sensationalised
sensationalize ~ sensationalise
selvages ~ selvedges
selvage ~ selvedge
secularizing ~ secularising
secularizes ~ secularises
secularized ~ secularised
secularize ~ secularise
secularizations ~ secularisations
secularization ~ secularisation
scrutinizing ~ scrutinising
scrutinizes ~ scrutinises
scrutinized ~ scrutinised
scrutinize ~ scrutinise
scepters ~ sceptres
sceptering ~ sceptring
sceptered ~ sceptred
scepter ~ sceptre
scandalizing ~ scandalising
scandalizes ~ scandalises
scandalized ~ scandalised
scandalize ~ scandalise
savory ~ savoury
savors ~ savours
savoring ~ savouring
savories ~ savouries
savored ~ savoured
savor ~ savour
saviors ~ saviours
savior ~ saviour
satirizing ~ satirising
satirizes ~ satirises
satirized ~ satirised
satirize ~ satirise
sanitizing ~ sanitising
sanitizes ~ sanitises
sanitizers ~ sanitisers
sanitizer ~ sanitiser
sanitized ~ sanitised
sanitize ~ sanitise
saltpeter ~ saltpetre
sabers ~ sabres
saber ~ sabre
rumors ~ rumours
rumoring ~ rumouring
rumored ~ rumoured
rumor ~ rumour
routings ~ routeings
routing ~ routeing
romanticizing ~ romanticising
romanticizes ~ romanticises
romanticized ~ romanticised
romanticize ~ romanticise
rivaling ~ rivalling
rivaled ~ rivalled
ritualizing ~ ritualising
ritualizes ~ ritualises
ritualized ~ ritualised
ritualize ~ ritualise
rigors ~ rigours
rigor ~ rigour
rhapsodizing ~ rhapsodising
rhapsodizes ~ rhapsodises
rhapsodized ~ rhapsodised
rhapsodize ~ rhapsodise
revolutionizing ~ revolutionising
revolutionizes ~ revolutionises
revolutionized ~ revolutionised
revolutionize ~ revolutionise
revitalizing ~ revitalising
revitalizes ~ revitalises
revitalized ~ revitalised
revitalize ~ revitalise
reveling ~ revelling
revelers ~ revellers
reveler ~ reveller
reveled ~ revelled
retroflections ~ retroflexions
retroflection ~ retroflexion
reorganizing ~ reorganising
reorganizes ~ reorganises
reorganized ~ reorganised
reorganize ~ reorganise
reorganizations ~ reorganisations
reorganization ~ reorganisation
remolds ~ remoulds
remolding ~ remoulding
remolded ~ remoulded
remold ~ remould
remodelings ~ remodellings
remodeling ~ remodelling
remodeled ~ remodelled
regularizing ~ regularising
regularizes ~ regularises
regularized ~ regularised
regularize ~ regularise
regularizations ~ regularisations
regularization ~ regularisation
refuelings ~ refuellings
refueling ~ refuelling
refueled ~ refuelled
reconnoiters ~ reconnoitres
reconnoiterings ~ reconnoitrings
reconnoitering ~ reconnoitring
reconnoitered ~ reconnoitred
reconnoiter ~ reconnoitre
recognizing ~ recognising
recognizes ~ recognises
recognized ~ recognised
recognize ~ recognise
recognizances ~ recognisances
recognizance ~ recognisance
recognizably ~ recognisably
recognizable ~ recognisable
realizing ~ realising
realizes ~ realises
realized ~ realised
realize ~ realise
realizations ~ realisations
realization ~ realisation
realizable ~ realisable
raveling ~ ravelling
raveled ~ ravelled
rationalizing ~ rationalising
rationalizes ~ rationalises
rationalized ~ rationalised
rationalize ~ rationalise
rationalizations ~ rationalisations
rationalization ~ rationalisation
randomizing ~ randomising
randomizes ~ randomises
randomized ~ randomised
randomize ~ randomise
rancor ~ rancour
radicalizing ~ radicalising
radicalizes ~ radicalises
radicalized ~ radicalised
radicalize ~ radicalise
raccoons ~ racoons
raccoon ~ racoon
quiring ~ choiring
quires ~ choirs
quired ~ choired
quire ~ choir
quarreling ~ quarrelling
quarreled ~ quarrelled
//pummels pummelleds
//pummelings pummelledings
//pummeling pummelleding
//pummeled pummelling
//pummel pummelled
pulverizing ~ pulverising
pulverizes ~ pulverises
pulverized ~ pulverised
pulverize ~ pulverise
pulverization ~ pulverisation
publicizing ~ publicising
publicizes ~ publicises
publicized ~ publicised
publicize ~ publicise
psychoanalyzing ~ psychoanalysing
psychoanalyzes ~ psychoanalyses
psychoanalyzed ~ psychoanalysed
psychoanalyze ~ psychoanalyse
proselytizing ~ proselytising
proselytizes ~ proselytises
proselytizers ~ proselytisers
proselytizer ~ proselytiser
proselytized ~ proselytised
proselytize ~ proselytise
propagandizing ~ propagandising
propagandizes ~ propagandises
propagandized ~ propagandised
propagandize ~ propagandise
prologs ~ prologues
prolog ~ prologue
//programs programmes
//program programme
professionalizing ~ professionalising
professionalizes ~ professionalises
professionalized ~ professionalised
professionalize ~ professionalise
professionalization ~ professionalisation
privatizing ~ privatising
privatizes ~ privatises
privatized ~ privatised
privatize ~ privatise
privatizations ~ privatisations
privatization ~ privatisation
prioritizing ~ prioritising
prioritizes ~ prioritises
prioritized ~ prioritised
prioritize ~ prioritise
prioritization ~ prioritisation
primeval ~ primaeval
pretenses ~ pretences
pretense ~ pretence
pressurizing ~ pressurising
pressurizes ~ pressurises
pressurized ~ pressurised
pressurize ~ pressurise
pressurizations ~ pressurisations
pressurization ~ pressurisation
presidiums ~ praesidiums
presidium ~ praesidium
//presidia praesidia
practicing ~ practising
practiced ~ practised
poufs ~ pouffes
pouf ~ pouffe
popularizing ~ popularising
popularizes ~ popularises
popularized ~ popularised
popularize ~ popularise
popularizations ~ popularisations
popularization ~ popularisation
polymerizing ~ polymerising
polymerizes ~ polymerises
polymerized ~ polymerised
polymerize ~ polymerise
polymerizable ~ polymerisable
//polyethylenes polyethenes
polyethylene ~ polyethene
politicizing ~ politicising
politicizes ~ politicises
politicized ~ politicised
politicize ~ politicise
politicization ~ politicisation
polarizing ~ polarising
polarizes ~ polarises
polarized ~ polarised
polarize ~ polarise
polarizations ~ polarisations
polarization ~ polarisation
plowshares ~ ploughshares
plowshare ~ ploughshare
plows ~ ploughs
plowmen ~ ploughmen
plowman ~ ploughman
plowing ~ ploughing
plowed ~ ploughed
plow ~ plough
plasticizers ~ plasticisers
plasticizer ~ plasticiser
plagiarizing ~ plagiarising
plagiarizes ~ plagiarises
plagiarized ~ plagiarised
plagiarize ~ plagiarise
phony ~ phoney
philters ~ philtres
philtering ~ philtring
philtered ~ philtred
philter ~ philtre
philosophizing ~ philosophising
philosophizes ~ philosophises
philosophized ~ philosophised
philosophize ~ philosophise
pharmacopeias ~ pharmacopoeias
pharmacopeia ~ pharmacopoeia
personalizing ~ personalising
personalizes ~ personalises
personalized ~ personalised
personalize ~ personalise
persnickety ~ pernickety
penciling ~ pencilling
penciled ~ pencilled
penalizing ~ penalising
penalizes ~ penalises
penalized ~ penalised
penalize ~ penalise
//pedophilias paedophilias
pedophilia ~ paedophilia
pedophiles ~ paedophiles
pedophile ~ paedophile
pediatrics ~ paediatrics
pediatricians ~ paediatricians
pediatrician ~ paediatrician
pediatric ~ paediatric
pedestrianizing ~ pedestrianising
pedestrianizes ~ pedestrianises
pedestrianized ~ pedestrianised
pedestrianize ~ pedestrianise
pedestrianization ~ pedestrianisation
pederasts ~ paederasts
pederast ~ paederast
pedaling ~ pedalling
pedaled ~ pedalled
patronizingly ~ patronisingly
patronizing ~ patronising
patronizes ~ patronises
patronized ~ patronised
patronize ~ patronise
pasteurizing ~ pasteurising
pasteurizes ~ pasteurises
pasteurized ~ pasteurised
pasteurize ~ pasteurise
pasteurization ~ pasteurisation
passivizing ~ passivising
passivizes ~ passivises
passivized ~ passivised
passivize ~ passivise
passivizations ~ passivisations
passivization ~ passivisation
particularizing ~ particularising
particularizes ~ particularises
particularized ~ particularised
particularize ~ particularise
parlors ~ parlours
parlor ~ parlour
parceling ~ parcelling
parceled ~ parcelled
//paralyzis paralysis
paralyzing ~ paralysing
paralyzes ~ paralyses
paralyzed ~ paralysed
paralyze ~ paralyse
//pantyhoses panti-hoses
//pantyhose panti-hose
panelists ~ panellists
panelist ~ panellist
paneling ~ panelling
paneled ~ panelled
paleozoic ~ palaeozoic
paleontology ~ palaeontology
paleontologists ~ palaeontologists
paleontologist ~ palaeontologist
paleomagnetism ~ palaeomagnetism
paleolithic ~ palaeolithic
paleography ~ palaeography
paleographies ~ palaeographies
paleogeography ~ palaeogeography
paleoclimatology ~ palaeoclimatology
paleocene ~ palaeocene
paleobotany ~ palaeobotany
pajamas ~ pyjamas
pajama ~ pyjama
ozonizing ~ ozonising
ozonizes ~ ozonises
ozonized ~ ozonised
ozonize ~ ozonise
oxidizing ~ oxidising
oxidizes ~ oxidises
oxidized ~ oxidised
oxidize ~ oxidise
oxidization ~ oxidisation
overemphasizing ~ overemphasising
overemphasizes ~ overemphasises
overemphasized ~ overemphasised
overemphasize ~ overemphasise
outmaneuvers ~ outmanoeuvres
outmaneuvering ~ outmanoeuvring
outmaneuvered ~ outmanoeuvred
outmaneuver ~ outmanoeuvre
ostracizing ~ ostracising
ostracizes ~ ostracises
ostracized ~ ostracised
ostracize ~ ostracise
orthopedics ~ orthopaedics
orthopedic ~ orthopaedic
organizing ~ organising
organizes ~ organises
organizers ~ organisers
organizer ~ organiser
organized ~ organised
organize ~ organise
organizations ~ organisations
organizational ~ organisational
organization ~ organisation
optimizing ~ optimising
optimizes ~ optimises
optimized ~ optimised
optimize ~ optimise
optimization ~ optimisation
optimizations ~ optimisations
omelets ~ omelettes
omelet ~ omelette
offenses ~ offences
offense ~ offence
odors ~ odours
odorless ~ odourless
odor ~ odour
//octagonal octogonal
northwests ~ north-wests
northwest ~ north-west
northeasts ~ north-easts
normalizing ~ normalising
normalizes ~ normalises
normalized ~ normalised
normalize ~ normalise
normalizations ~ normalisations
normalization ~ normalisation
niter ~ nitre
neutralizing ~ neutralising
neutralizes ~ neutralises
neutralized ~ neutralised
neutralize ~ neutralise
neutralization ~ neutralisation
neurons ~ neurones
neuron ~ neurone
neighbors ~ neighbours
neighborly ~ neighbourly
neighborliness ~ neighbourliness
//neighborliest neighbourliest
//neighborlier neighbourlier
neighboring ~ neighbouring
neighborhoods ~ neighbourhoods
neighborhood ~ neighbourhood
neighbor ~ neighbour
nebulizers ~ nebulisers
nebulizer ~ nebuliser
naught ~ nought
naturalizing ~ naturalising
naturalizes ~ naturalises
naturalized ~ naturalised
naturalize ~ naturalise
naturalizations ~ naturalisations
naturalization ~ naturalisation
nationalizing ~ nationalising
nationalizes ~ nationalises
nationalized ~ nationalised
nationalize ~ nationalise
nationalizations ~ nationalisations
nationalization ~ nationalisation
mustachioed ~ moustachioed
mustaches ~ moustaches
mustached ~ moustached
mustache ~ moustache
multicolored ~ multicoloured
multicolor ~ multicolour
motorizing ~ motorising
motorizes ~ motorises
motorized ~ motorised
motorize ~ motorise
moralizing ~ moralising
moralizes ~ moralises
moralized ~ moralised
moralize ~ moralise
monopolizing ~ monopolising
monopolizes ~ monopolises
monopolized ~ monopolised
monopolize ~ monopolise
monopolization ~ monopolisation
monologs ~ monologues
monolog ~ monologue
moms ~ mums
mom ~ mum
molts ~ moults
molting ~ moulting
molted ~ moulted
molt ~ moult
mollusks ~ molluscs
mollusk ~ mollusc
moldy ~ mouldy
molds ~ moulds
moldings ~ mouldings
molding ~ moulding
moldiest ~ mouldiest
moldier ~ mouldier
molders ~ moulders
moldering ~ mouldering
moldered ~ mouldered
molder ~ moulder
molded ~ moulded
mold ~ mould
moisturizing ~ moisturising
moisturizes ~ moisturises
moisturizers ~ moisturisers
moisturizer ~ moisturiser
moisturized ~ moisturised
moisturize ~ moisturise
modernizing ~ modernising
modernizes ~ modernises
modernized ~ modernised
modernize ~ modernise
modelings ~ modellings
modeling ~ modelling
modelers ~ modellers
modeler ~ modeller
modeled ~ modelled
mobilizing ~ mobilising
mobilizes ~ mobilises
mobilized ~ mobilised
mobilize ~ mobilise
mobilizations ~ mobilisations
mobilization ~ mobilisation
miters ~ mitres
mitering ~ mitring
mitered ~ mitred
miter ~ mitre
misspelled ~ misspelt
misjudgments ~ misjudgements
misjudgment ~ misjudgement
misdemeanors ~ misdemeanours
misdemeanor ~ misdemeanour
misbehaviors ~ misbehaviours
misbehavior ~ misbehaviour
minimizing ~ minimising
minimizes ~ minimises
minimized ~ minimised
minimize ~ minimise
minibusses ~ minibuses
miniaturizing ~ miniaturising
miniaturizes ~ miniaturises
miniaturized ~ miniaturised
miniaturize ~ miniaturise
miniaturizations ~ miniaturisations
miniaturization ~ miniaturisation
mineralizations ~ mineralisations
mineralization ~ mineralisation
millimeters ~ millimetres
millimeter ~ millimetre
milliliters ~ millilitres
milliliter ~ millilitre
milligrams ~ milligrammes
milligram ~ milligramme
militarizing ~ militarising
militarizes ~ militarises
militarized ~ militarised
militarize ~ militarise
micrometers ~ micrometres
micrometer ~ micrometre
// meters metres
// metering metring
// metered metred
// meter metre
metalizing ~ metallising
metalized ~ metallised
metalize ~ metallise
metacenters ~ metacentres
metacenter ~ metacentre
metabolizing ~ metabolising
metabolizes ~ metabolises
metabolized ~ metabolised
metabolize ~ metabolise
mesmerizing ~ mesmerising
mesmerizes ~ mesmerises
mesmerized ~ mesmerised
mesmerize ~ mesmerise
mercerizing ~ mercerising
mercerizes ~ mercerises
mercerized ~ mercerised
mercerize ~ mercerise
menorrhea ~ menorrhoea
memorizing ~ memorising
memorizes ~ memorises
memorized ~ memorised
memorize ~ memorise
memorializing ~ memorialising
memorializes ~ memorialises
memorialized ~ memorialised
memorialize ~ memorialise
mementos ~ mementoes
mechanizing ~ mechanising
mechanizes ~ mechanises
mechanized ~ mechanised
mechanize ~ mechanise
mechanization ~ mechanisation
meagerest ~ meagrest
meager ~ meagre
maximizing ~ maximising
maximizes ~ maximises
maximized ~ maximised
maximize ~ maximise
maximizations ~ maximisations
maximization ~ maximisation
materializing ~ materialising
materializes ~ materialises
materialized ~ materialised
materialize ~ materialise
materializations ~ materialisations
materialization ~ materialisation
marvelously ~ marvellously
marvelous ~ marvellous
marveling ~ marvelling
marveled ~ marvelled
marshaling ~ marshalling
marshaled ~ marshalled
marginalizing ~ marginalising
marginalizes ~ marginalises
marginalized ~ marginalised
marginalize ~ marginalise
marginalizations ~ marginalisations
marginalization ~ marginalisation
maneuvers ~ manoeuvres
maneuverings ~ manoeuvrings
maneuvering ~ manoeuvring
maneuvered ~ manoeuvred
maneuverable ~ manoeuvrable
maneuverability ~ manoeuvrability
maneuver ~ manoeuvre
//malleableizing malleabilising
//malleableizes malleabileizes
//malleableized malleabileized
//malleableize malleabileise
magnetizing ~ magnetising
magnetizes ~ magnetises
magnetized ~ magnetised
magnetize ~ magnetise
magnetizations ~ magnetisations
magnetization ~ magnetisation
//macadamizing macadamising
//macadamizes macadamises
//macadamized macadamised
//macadamize macadamise
lusters ~ lustres
lustering ~ lustring
lustered ~ lustred
luster ~ lustre
louvers ~ louvres
louvered ~ louvred
louver ~ louvre
localization ~ localisation
localizations ~ localisations
localizing ~ localising
localizes ~ localises
localized ~ localised
localize ~ localise
liters ~ litres
liter ~ litre
liquidizing ~ liquidising
liquidizes ~ liquidises
liquidizers ~ liquidisers
liquidizer ~ liquidiser
liquidized ~ liquidised
liquidize ~ liquidise
lionizing ~ lionising
lionizes ~ lionises
lionized ~ lionised
lionize ~ lionise
lionizations ~ lionisations
lionization ~ lionisation
likable ~ likeable
licorices ~ liquorices
licorice ~ liquorice
//licensing licencing
//licenses licences
//licensed licenced
//license licence
liberalizing ~ liberalising
liberalizes ~ liberalises
liberalized ~ liberalised
liberalize ~ liberalise
liberalizations ~ liberalisations
liberalization ~ liberalisation
libelous ~ libellous
libeling ~ libelling
libeled ~ libelled
leveling ~ levelling
levelers ~ levellers
leveler ~ leveller
leveled ~ levelled
leukemias ~ leukaemias
leukemia ~ leukaemia
legitimizing ~ legitimising
legitimizes ~ legitimises
legitimized ~ legitimised
legitimize ~ legitimise
legalizing ~ legalising
legalizes ~ legalises
legalized ~ legalised
legalize ~ legalise
legalizations ~ legalisations
legalization ~ legalisation
leaped ~ leapt
leaned ~ leant
lackluster ~ lacklustre
labors ~ labours
laboring ~ labouring
laborers ~ labourers
laborer ~ labourer
labored ~ laboured
labor ~ labour
labelings ~ labellings
labeling ~ labelling
labeled ~ labelled
kilometers ~ kilometres
kilometer ~ kilometre
kilograms ~ kilogrammes
kilogram ~ kilogramme
kidnaped ~ kidnapped
karats ~ carats
karat ~ carat
//judgments judgements
//judgment judgement
jewelry ~ jewellery
jewelers ~ jewellers
jeweler ~ jeweller
jeweled ~ jewelled
jeopardizing ~ jeopardising
jeopardizes ~ jeopardises
jeopardized ~ jeopardised
jeopardize ~ jeopardise
//jails gaols
//jailings gaolings
//jailing gaoling
//jailers gaolers
//jailer gaoler
//jailed gaoled
//jailbroken gaolbroken
//jailbroke gaolbroke
//jailbreaks gaolbreaks
//jailbreaking gaolbreaking
//jailbreak gaolbreak
//jailbirds gaolbirds
//jailbird gaolbird
//jail gaol
itemizing ~ itemising
itemizes ~ itemises
itemized ~ itemised
itemize ~ itemise
italicizing ~ italicising
italicizes ~ italicises
italicized ~ italicised
italicize ~ italicise
isomerizing ~ isomerising
isomerizes ~ isomerises
isomerized ~ isomerised
isomerize ~ isomerise
ionizing ~ ionising
ionizes ~ ionises
ionizers ~ ionisers
ionizer ~ ioniser
ionized ~ ionised
ionize ~ ionise
ionizations ~ ionisations
ionization ~ ionisation
internationalizing ~ internationalising
internationalizes ~ internationalises
internationalized ~ internationalised
internationalize ~ internationalise
internationalization ~ internationalisation
internalizing ~ internalising
internalizes ~ internalises
internalized ~ internalised
internalize ~ internalise
internalizations ~ internalisations
internalization ~ internalisation
intellectualizing ~ intellectualising
intellectualizes ~ intellectualises
intellectualized ~ intellectualised
intellectualize ~ intellectualise
institutionalizing ~ institutionalising
institutionalizes ~ institutionalises
institutionalized ~ institutionalised
institutionalize ~ institutionalise
institutionalizations ~ institutionalisations
institutionalization ~ institutionalisation
instills ~ instils
instill ~ instil
installments ~ instalments
installment ~ instalment
//installing instaling
initialing ~ initialling
initialed ~ initialled
inflections ~ inflexions
inflection ~ inflexion
industrializing ~ industrialising
industrializes ~ industrialises
industrialized ~ industrialised
industrialize ~ industrialise
industrializations ~ industrialisations
industrialization ~ industrialisation
individualizing ~ individualising
individualizes ~ individualises
individualized ~ individualised
individualize ~ individualise
imperiling ~ imperilling
imperiled ~ imperilled
impanels ~ empanels
impaneling ~ impanelling
impaneled ~ impanelled
impanel ~ empanel
immunizing ~ immunising
immunizes ~ immunises
immunized ~ immunised
immunize ~ immunise
immunizations ~ immunisations
immunization ~ immunisation
immortalizing ~ immortalising
immortalizes ~ immortalises
immortalized ~ immortalised
immortalize ~ immortalise
immobilizing ~ immobilising
immobilizes ~ immobilises
immobilizers ~ immobilisers
immobilizer ~ immobiliser
immobilized ~ immobilised
immobilize ~ immobilise
immobilizations ~ immobilisations
immobilization ~ immobilisation
idolizing ~ idolising
idolizes ~ idolises
idolized ~ idolised
idolize ~ idolise
idealizing ~ idealising
idealizes ~ idealises
idealized ~ idealised
idealize ~ idealise
idealizations ~ idealisations
idealization ~ idealisation
hypothesizing ~ hypothesising
hypothesizes ~ hypothesises
hypothesized ~ hypothesised
hypothesize ~ hypothesise
hypnotizing ~ hypnotising
hypnotizes ~ hypnotises
hypnotized ~ hypnotised
hypnotize ~ hypnotise
hybridizing ~ hybridising
hybridizes ~ hybridises
hybridized ~ hybridised
hybridize ~ hybridise
humors ~ humours
humorless ~ humourless
humoring ~ humouring
humored ~ humoured
humor ~ humour
humanizing ~ humanising
humanizes ~ humanises
humanized ~ humanised
humanize ~ humanise
hospitalizing ~ hospitalising
hospitalizes ~ hospitalises
hospitalized ~ hospitalised
hospitalize ~ hospitalise
hospitalizations ~ hospitalisations
hospitalization ~ hospitalisation
honors ~ honours
honoring ~ honouring
honored ~ honoured
honorably ~ honourably
honorable ~ honourable
honor ~ honour
homogenizing ~ homogenising
homogenizes ~ homogenises
homogenized ~ homogenised
homogenize ~ homogenise
homeostasis ~ homoeostasis
homeopathy ~ homoeopathy
homeopaths ~ homoeopaths
homeopathic ~ homoeopathic
homeopath ~ homoeopath
heydays ~ heydeys
heyday ~ heydey
hemorrhoids ~ haemorrhoids
hemorrhoid ~ haemorrhoid
hemorrhaging ~ haemorrhaging
hemorrhages ~ haemorrhages
hemorrhaged ~ haemorrhaged
hemorrhage ~ haemorrhage
hemophiliacs ~ haemophiliacs
hemophiliac ~ haemophiliac
hemophilia ~ haemophilia
hemoglobins ~ haemoglobins
hemoglobin ~ haemoglobin
hematology ~ haematology
hematologists ~ haematologists
hematologist ~ haematologist
hematological ~ haematological
hemateins ~ haemateins
hematein ~ haematein
haulers ~ hauliers
hauler ~ haulier
harmonizing ~ harmonising
harmonizes ~ harmonises
harmonized ~ harmonised
harmonize ~ harmonise
harmonizations ~ harmonisations
harmonization ~ harmonisation
harbors ~ harbours
harboring ~ harbouring
harbored ~ harboured
harbor ~ harbour
gypsy ~ gipsy
gypsies ~ gipsies
gynecology ~ gynaecology
gynecologists ~ gynaecologists
gynecologist ~ gynaecologist
gynecologies ~ gynaecologies
gynecological ~ gynaecological
gruelingly ~ gruellingly
grueling ~ gruelling
groveling ~ grovelling
groveled ~ grovelled
groins ~ groynes
groin ~ groyne
griffins ~ gryphons
griffin ~ gryphon
grays ~ greys
grayness ~ greyness
grayish ~ greyish
graying ~ greying
grayest ~ greyest
grayer ~ greyer
grayed ~ greyed
gray ~ grey
graveled ~ gravelled
graphitizing ~ graphitising
graphitizes ~ graphitises
graphitized ~ graphitised
graphitize ~ graphitise
grams ~ grammes
gram ~ gramme
gonorrheas ~ gonorrhoeas
gonorrhea ~ gonorrhoea
goiters ~ goitres
goiter ~ goitre
// glycerin glicerine
gluing ~ glueing
globalizing ~ globalising
globalizes ~ globalises
globalized ~ globalised
globalize ~ globalise
globalization ~ globalisation
glamorizing ~ glamorising
glamorizes ~ glamorises
glamorized ~ glamorised
glamorize ~ glamorise
glamor ~ glamour
ghettoizing ~ ghettoising
ghettoizes ~ ghettoises
ghettoized ~ ghettoised
ghettoize ~ ghettoise
generalizing ~ generalising
generalizes ~ generalises
generalized ~ generalised
generalize ~ generalise
generalizations ~ generalisations
generalization ~ generalisation
//gasses gases - "gasses" is very rare, 42:1-gases:gasses
gantlets ~ gauntlets
gantlet ~ gauntlet
gamboling ~ gambolling
gamboled ~ gambolled
galvanizing ~ galvanising
galvanizes ~ galvanises
galvanized ~ galvanised
galvanize ~ galvanise
galoshes ~ goloshes
furors ~ furores
furor ~ furore
funneling ~ funnelling
funneled ~ funnelled
fulfills ~ fulfils
fulfillment ~ fulfilment
fulfill ~ fulfil
fraternizing ~ fraternising
fraternizes ~ fraternises
fraternized ~ fraternised
fraternize ~ fraternise
fraternizations ~ fraternisations
fraternization ~ fraternisation
fossilizing ~ fossilising
fossilizes ~ fossilises
fossilized ~ fossilised
fossilize ~ fossilise
fossilizations ~ fossilisations
fossilization ~ fossilisation
formalizing ~ formalising
formalizes ~ formalises
formalized ~ formalised
formalize ~ formalise
formalizations ~ formalisations
formalization ~ formalisation
flutists ~ flautists
flutist ~ flautist
fluidizing ~ fluidising
fluidizes ~ fluidises
fluidized ~ fluidised
fluidize ~ fluidise
//fledglings fledgelings
//fledgling fledgeling
flavorsome ~ flavoursome
flavors ~ flavours
flavorless ~ flavourless
flavorings ~ flavourings
flavoring ~ flavouring
flavored ~ flavoured
flavor ~ flavour
finalizing ~ finalising
finalizes ~ finalises
finalized ~ finalised
finalize ~ finalise
finalizations ~ finalisations
finalization ~ finalisation
fictionalizing ~ fictionalising
fictionalizes ~ fictionalises
fictionalized ~ fictionalised
fictionalize ~ fictionalise
fictionalizations ~ fictionalisations
fictionalization ~ fictionalisation
fibers ~ fibres
fiberglass ~ fibreglass
fiber ~ fibre
//fetuses foetuses
//fetus foetus
//fetid foetid
//fetal foetal
fervors ~ fervours
fervor ~ fervour
fertilizing ~ fertilising
fertilizes ~ fertilises
fertilizers ~ fertilisers
fertilizer ~ fertiliser
fertilized ~ fertilised
fertilize ~ fertilise
fertilizations ~ fertilisations
fertilization ~ fertilisation
feminizing ~ feminising
feminizes ~ feminises
feminized ~ feminised
feminize ~ feminise
feces ~ faeces
fecal ~ faecal
favors ~ favours
favoritism ~ favouritism
favoriting ~ favouriting
favorites ~ favourites
favorited ~ favourited
favorite ~ favourite
favoring ~ favouring
favored ~ favoured
favorably ~ favourably
favorable ~ favourable
favor ~ favour
fantasizing ~ fantasising
fantasizes ~ fantasises
fantasized ~ fantasised
fantasize ~ fantasise
familiarizing ~ familiarising
familiarizes ~ familiarises
familiarized ~ familiarised
familiarize ~ familiarise
familiarizations ~ familiarisations
familiarization ~ familiarisation
factorizing ~ factorising
factorizes ~ factorises
factorized ~ factorised
factorize ~ factorise
externalizing ~ externalising
externalizes ~ externalises
externalized ~ externalised
externalize ~ externalise
externalizations ~ externalisations
externalization ~ externalisation
extemporizing ~ extemporising
extemporizes ~ extemporises
extemporized ~ extemporised
extemporize ~ extemporise
extemporizations ~ extemporisations
extemporization ~ extemporisation
exorcizing ~ exorcising
exorcizes ~ exorcises
exorcized ~ exorcised
exorcize ~ exorcise
evangelizing ~ evangelising
evangelizes ~ evangelises
evangelized ~ evangelised
evangelize ~ evangelise
eulogizing ~ eulogising
eulogizes ~ eulogises
eulogized ~ eulogised
eulogize ~ eulogise
etiology ~ aetiology
estrous ~ oestrous
estrogens ~ oestrogens
estrogen ~ oestrogen
//esophaguses oesophaguses
esophagus ~ oesophagus
esophagoscope ~ oesophagoscope
esophageal ~ oesophagal
equalizing ~ equalising
equalizes ~ equalises
equalizers ~ equalisers
equalizer ~ equaliser
equalized ~ equalised
equalize ~ equalise
equalizations ~ equalisations
equalization ~ equalisation
equaled ~ equalled
epitomizing ~ epitomising
epitomizes ~ epitomises
epitomized ~ epitomised
epitomize ~ epitomise
epilogs ~ epilogues
epilog ~ epilogue
epicenters ~ epicentres
epicenter ~ epicentre
epaulets ~ epaulettes
epaulet ~ epaulette
eons ~ aeons
eon ~ aeon
enthralls ~ enthrals
enthrall ~ enthral
ensorcells ~ ensorcels
ensorcelling ~ ensorceling
ensorcelled ~ ensorceled
ensorcell ~ ensorcel
enrolls ~ enrols
//enrollments enrolments
//enrollment enrolment
//enrolling enroling
//enrolled enroled
enroll ~ enrol
enology ~ oenology
energizing ~ energising
energizes ~ energises
energized ~ energised
energize ~ energise
endeavors ~ endeavours
endeavoring ~ endeavouring
endeavored ~ endeavoured
endeavor ~ endeavour
encyclopedic ~ encyclopaedic
encyclopedias ~ encyclopaedias
encyclopediae ~ encyclopaediae
encyclopedia ~ encyclopaedia
enamors ~ enamours
enamoring ~ enamouring
enamored ~ enamoured
enamor ~ enamour
enameling ~ enamelling
enameled ~ enamelled
emphasizing ~ emphasising
emphasizes ~ emphasises
emphasized ~ emphasised
emphasize ~ emphasise
empathizing ~ empathising
empathizes ~ empathises
empathized ~ empathised
empathize ~ empathise
editorializing ~ editorialising
editorializes ~ editorialises
editorialized ~ editorialised
editorialize ~ editorialise
edemata ~ oedemata
edema ~ oedema
economizing ~ economising
economizes ~ economises
economizers ~ economisers
economizer ~ economiser
economized ~ economised
economize ~ economise
dueling ~ duelling
dueled ~ duelled
driveling ~ drivelling
driveled ~ drivelled
dramatizing ~ dramatising
dramatizes ~ dramatises
dramatized ~ dramatised
dramatize ~ dramatise
dramatizations ~ dramatisations
dramatization ~ dramatisation
//drafty draughty
//draftswomen draughtswomen
//draftswoman draughtswoman
//draftsmen draughtsmen
//draftsmanship draughtsmanship
//draftsman draughtsman
//drafts draughts
//draftings draughtings
//drafting draughting
//draftiest draughtiest
//draftier draughtier
//drafted draughted
//draftboards draughtboards
//draftboard draughtboard
//draft draught
doodads ~ doodahs
doodad ~ doodah
donuts ~ doughnuts
donut ~ doughnut
dolors ~ dolours
dolor ~ dolour
disulfides ~ disulphides
disulfide ~ disulphide
distils ~ distills
distil ~ distill
disorganizing ~ disorganising
disorganizes ~ disorganises
disorganized ~ disorganised
disorganize ~ disorganise
disorganizations ~ disorganisations
disorganization ~ disorganisation
//disks discs
//disking discing
//disked disced
//disk disc
dishonors ~ dishonours
dishonoring ~ dishonouring
dishonored ~ dishonoured
dishonorably ~ dishonourably
dishonorable ~ dishonourable
dishonor ~ dishonour
disheveled ~ dishevelled
disfavor ~ disfavour
disembowelings ~ disembowellings
disemboweling ~ disembowelling
disemboweled ~ disembowelled
discolors ~ discolours
discoloring ~ discolouring
discolored ~ discoloured
discolor ~ discolour
dikes ~ dykes
diked ~ dyked
dike ~ dyke
digitization ~ digitisation
digitizations ~ digitisation
digitizing ~ digitising
digitizes ~ digitises
digitized ~ digitised
digitize ~ digitise
diarrheas ~ diarrhoeas
diarrhea ~ diarrhoea
dialyzing ~ dialysing
dialyzes ~ dialyses
dialyzed ~ dialysed
dialyze ~ dialyse
dialogs ~ dialogues
dialog ~ dialogue
dialing ~ dialling
dialings ~ diallings
dialing ~ dialling
dialed ~ dialled
desulfurizing ~ desulfurising
desulfurizes ~ desulfurises
desulfurized ~ desulfurised
desulfurize ~ desulfurise
destabilizing ~ destabilising
destabilizes ~ destabilises
destabilized ~ destabilised
destabilize ~ destabilise
destabilizations ~ destabilisations
destabilization ~ destabilisation
desensitizing ~ desensitising
desensitizes ~ desensitises
desensitizers ~ desensitisers
desensitizer ~ desensitiser
desensitized ~ desensitised
desensitize ~ desensitise
desensitizations ~ desensitisations
desensitization ~ desensitisation
deputizing ~ deputising
deputizes ~ deputises
deputized ~ deputised
deputize ~ deputise
depolymerizing ~ depolymerising
depolymerizes ~ depolymerises
depolymerized ~ depolymerised
depolymerize ~ depolymerise
depolarizing ~ depolarising
depolarizes ~ depolarises
depolarized ~ depolarised
depolarize ~ depolarise
depersonalizing ~ depersonalising
depersonalizes ~ depersonalises
depersonalized ~ depersonalised
depersonalize ~ depersonalise
deodorizing ~ deodorising
deodorizes ~ deodorises
deodorized ~ deodorised
deodorize ~ deodorise
denationalizing ~ denationalising
denationalizes ~ denationalises
denationalized ~ denationalised
denationalize ~ denationalise
denationalization ~ denationalisation
demoralizing ~ demoralising
demoralizes ~ demoralises
demoralized ~ demoralised
demoralize ~ demoralise
demoralization ~ demoralisation
demonizing ~ demonising
demonizes ~ demonises
demonized ~ demonised
demonize ~ demonise
democratizing ~ democratising
democratizes ~ democratises
democratized ~ democratised
democratize ~ democratise
democratizations ~ democratisations
democratization ~ democratisation
demobilizing ~ demobilising
demobilizes ~ demobilises
demobilized ~ demobilised
demobilize ~ demobilise
demobilizations ~ demobilisations
demobilization ~ demobilisation
demilitarizing ~ demilitarising
demilitarizes ~ demilitarises
demilitarized ~ demilitarised
demilitarize ~ demilitarise
demilitarization ~ demilitarisation
demeanors ~ demeanours
demeanor ~ demeanour
dehumanizing ~ dehumanising
dehumanizes ~ dehumanises
dehumanized ~ dehumanised
dehumanize ~ dehumanise
dehumanizations ~ dehumanisations
dehumanization ~ dehumanisation
defenses ~ defences
defenseless ~ defenceless
defense ~ defence
decriminalizing ~ decriminalising
decriminalizes ~ decriminalises
decriminalized ~ decriminalised
decriminalize ~ decriminalise
decriminalization ~ decriminalisation
decolorizing ~ decolourising
decolorizes ~ decolourises
decolorized ~ decolourised
decolorize ~ decolourise
decentralizing ~ decentralising
decentralizes ~ decentralises
decentralized ~ decentralised
decentralize ~ decentralise
decentralizations ~ decentralisations
decentralization ~ decentralisation
decarburizing ~ decarburising
decarburizes ~ decarburises
decarburized ~ decarburised
decarburize ~ decarburise
cyclopedia ~ cyclopaedia
cyclizations ~ cyclisations
cyclization ~ cyclisation
customizing ~ customising
customizes ~ customises
customized ~ customised
customize ~ customise
curbs ~ kerbs
curbings ~ kerbings
curbing ~ kerbing
curbed ~ kerbed
curb ~ kerb
cudgeling ~ cudgelling
cudgeled ~ cudgelled
crystallizing ~ crystallising
crystallizes ~ crystallises
crystallized ~ crystallised
crystallize ~ crystallise
crystallizations ~ crystallisations
crystallization ~ crystallisation
cruelest ~ cruellest
crueler ~ crueller
criticizing ~ criticising
criticizes ~ criticises
criticized ~ criticised
criticize ~ criticise
criminalizing ~ criminalising
criminalizes ~ criminalises
criminalized ~ criminalised
criminalize ~ criminalise
crenelating ~ crenellating
crenelates ~ crenellates
crenelated ~ crenellated
crenelate ~ crenellate
cozying ~ cosying
cozy ~ cosy
coziness ~ cosiness
cozily ~ cosily
coziest ~ cosiest
cozies ~ cosies
cozier ~ cosier
cozied ~ cosied
counselors ~ counsellors
counselor ~ counsellor
counseling ~ counselling
counseled ~ counselled
councilors ~ councillors
councilor ~ councillor
contextualizing ~ contextualising
contextualizes ~ contextualises
contextualized ~ contextualised
contextualize ~ contextualise
conjuror ~ conjurer
conceptualizing ~ conceptualising
conceptualizes ~ conceptualises
conceptualized ~ conceptualised
conceptualize ~ conceptualise
computerizing ~ computerising
computerizes ~ computerises
computerized ~ computerised
computerize ~ computerise
compartmentalizing ~ compartmentalising
compartmentalizes ~ compartmentalises
compartmentalized ~ compartmentalised
compartmentalize ~ compartmentalise
commercializing ~ commercialising
commercializes ~ commercialises
commercialized ~ commercialised
commercialize ~ commercialise
colters ~ coulters
colter ~ coulter
colors ~ colours
colorless ~ colourless
colorizing ~ colourizing
colorizes ~ colourizes
colorized ~ colourized
colorize ~ colourize
colorings ~ colourings
coloring ~ colouring
colorfully ~ colourfully
colorful ~ colourful
coloreds ~ coloureds
colored ~ coloured
colorants ~ colourants
colorant ~ colourant
color ~ colour
colonnaded ~ collonaded
colonizing ~ colonising
colonizes ~ colonises
colonizers ~ colonisers
colonizer ~ coloniser
colonized ~ colonised
colonize ~ colonise
colonizations ~ colonisations
colonization ~ colonisation
collectivizing ~ collectivising
collectivizes ~ collectivises
collectivized ~ collectivised
collectivize ~ collectivise
collectibles ~ collectables
collectible ~ collectable
clarinetists ~ clarinettists
clarinetist ~ clarinettist
clangor ~ clangour
clamors ~ clamours
clamorings ~ clamourings
clamoring ~ clamouring
clamored ~ clamoured
clamor ~ clamour
civilizing ~ civilising
civilizes ~ civilises
civilized ~ civilised
civilize ~ civilise
civilizations ~ civilisations
civilization ~ civilisation
circularizing ~ circularising
circularizes ~ circularises
circularized ~ circularised
circularize ~ circularise
ciphers ~ cyphers
cipher ~ cypher
chiseling ~ chiselling
chiseled ~ chiselled
chimeras ~ chimaeras
chimera ~ chimaera
chilies ~ chillies
chili ~ chilli
checkbooks ~ chequebooks
checkbook ~ chequebook
characterizing ~ characterising
characterizes ~ characterises
characterized ~ characterised
characterize ~ characterise
channeling ~ channelling
channeled ~ channelled
cesium ~ caesium
cesareans ~ caesareans
cesarean ~ cesarian
centralizing ~ centralising
centralizes ~ centralises
centralized ~ centralised
centralize ~ centralise
centimeters ~ centimetres
centimeter ~ centimetre
centiliters ~ centilitres
centiliter ~ centilitre
centigrams ~ centigrammes
centigram ~ centigramme
centers ~ centres
centerpieces ~ centrepieces
centerpiece ~ centrepiece
centerings ~ centrings
centering ~ centring
centerfolds ~ centrefolds
centerfold ~ centrefold
centered ~ centred
centerboard ~ centreboard
center ~ centre
cavilings ~ cavillings
caviling ~ cavilling
caviled ~ cavilled
cauterizing ~ cauterising
cauterizes ~ cauterises
cauterized ~ cauterised
cauterize ~ cauterise
cauterizations ~ cauterisations
cauterization ~ cauterisation
categorizing ~ categorising
categorizes ~ categorises
categorized ~ categorised
categorize ~ categorise
catalyzing ~ catalysing
catalyzes ~ catalyses
catalyzed ~ catalysed
catalyze ~ catalyse
catalogs ~ catalogues
cataloging ~ cataloguing
cataloged ~ catalogued
catalog ~ catalogue
carolings ~ carollings
caroling ~ carolling
caroled ~ carolled
carcasses ~ carcases
carcass ~ carcas
carburizing ~ carburising
carburizes ~ carburises
carburized ~ carburised
carburize ~ carburise
carburetors ~ carburettors
carburetor ~ carburettor
carbonizing ~ carbonising
carbonizes ~ carbonises
carbonized ~ carbonised
carbonize ~ carbonise
carbonizations ~ carbonisations
carbonization ~ carbonisation
caramelizing ~ caramelising
caramelizes ~ caramelises
caramelized ~ caramelised
caramelize ~ caramelise
capitalizing ~ capitalising
capitalizes ~ capitalises
capitalized ~ capitalised
capitalize ~ capitalise
canonizing ~ canonising
canonizes ~ canonises
canonized ~ canonised
canonize ~ canonise
cannibalizing ~ cannibalising
cannibalizes ~ cannibalises
cannibalized ~ cannibalised
cannibalize ~ cannibalise
candor ~ candour
canceling ~ cancelling
canceled ~ cancelled
cancelations ~ cancellations
cancelation ~ cancellation
canalizing ~ canalising
canalizes ~ canalises
canalized ~ canalised
canalize ~ canalise
calisthenics ~ callisthenics
calipers ~ callipers
caliper ~ calliper
calibers ~ calibres
caliber ~ calibre
caesarean ~ caesarian
brutalizing ~ brutalising
brutalizes ~ brutalises
brutalized ~ brutalised
brutalize ~ brutalise
breathalyzing ~ breathalysing
breathalyzes ~ breathalyses
breathalyzers ~ breathalysers
breathalyzer ~ breathalyser
breathalyzed ~ breathalysed
breathalyze ~ breathalyse
bowdlerizing ~ bowdlerising
bowdlerizes ~ bowdlerises
bowdlerized ~ bowdlerised
bowdlerize ~ bowdlerise
bougainvilleas ~ bougainvillaeas
bougainvillea ~ bougainvillaea
bisulfates ~ bisulphates
bisulfate ~ bisulphate
//biasing biassing
//biased biassed
bevy ~ bevvy
bevies ~ bevvies
beveled ~ bevelled
belabors ~ belabours
belaboring ~ belabouring
belabored ~ belaboured
belabor ~ belabour
bejeweled ~ bejewelled
behooving ~ behoving
behooves ~ behoves
behooved ~ behoved
behoove ~ behove
behaviors ~ behaviours
behaviorists ~ behaviourists
behaviorist ~ behaviourist
behaviorisms ~ behaviourisms
behaviorism ~ behaviourism
behavioral ~ behavioural
behavior ~ behaviour
bedeviling ~ bedevilling
bedeviled ~ bedevilled
battleax ~ battleaxe
bastardizing ~ bastardising
bastardizes ~ bastardises
bastardized ~ bastardised
bastardize ~ bastardise
barbecuing ~ barbequing
barbecues ~ barbeques
barbecued ~ barbequed
barbecue ~ barbeque
baptizing ~ baptising
baptizes ~ baptises
baptized ~ baptised
baptize ~ baptise
banisters ~ bannisters
banister ~ bannister
balks ~ baulks
balking ~ baulking
balked ~ baulked
balk ~ baulk
backward ~ backwards
backpedaling ~ backpedalling
backpedaled ~ backpedalled
ax ~ axe
authorizing ~ authorising
authorizes ~ authorises
authorized ~ authorised
authorize ~ authorise
atomizing ~ atomising
atomizes ~ atomises
atomizers ~ atomisers
atomizer ~ atomiser
atomized ~ atomised
atomize ~ atomise
atchoo ~ atishoo
artifacts ~ artefacts
artifact ~ artefact
armory ~ armoury
armors ~ armours
armoring ~ armouring
armories ~ armouries
armorers ~ armourers
armorer ~ armourer
armored ~ armoured
armor ~ armour
ardors ~ ardours
ardor ~ ardour
archiepiscopal ~ archepiscopal
archeology ~ archaeology
archeologists ~ archaeologists
archeologist ~ archaeologist
archeologically ~ archaeologically
archeological ~ archaeological
arbors ~ arbours
arbores ~ arbours
arbor ~ arbour
appetizingly ~ appetisingly
appetizing ~ appetising
appetizes ~ appetises
appetizers ~ appetisers
appetizer ~ appetiser
appetized ~ appetised
appetize ~ appetise
appalls ~ appals
appall ~ appal
apothegms ~ apophthegms
apothegm ~ apophthegm
apologizing ~ apologising
apologizes ~ apologises
apologized ~ apologised
apologize ~ apologise
antagonizing ~ antagonising
antagonizes ~ antagonises
antagonized ~ antagonised
antagonize ~ antagonise
anodizing ~ anodising
anodizes ~ anodises
anodized ~ anodised
anodize ~ anodise
annualizing ~ annualising
annualizes ~ annualises
annualized ~ annualised
annualize ~ annualise
annex ~ annexe
anglicizing ~ anglicising
anglicizes ~ anglicises
anglicized ~ anglicised
anglicize ~ anglicise
anesthetizing ~ anaesthetizing
anesthetizes ~ anaesthetizes
anesthetized ~ anaesthetized
anesthetize ~ anaesthetize
anesthetists ~ anaesthetists
anesthetist ~ anaesthetist
anesthetics ~ anaesthetics
anesthetic ~ anaesthetic
anesthesias ~ anaesthesias
anesthesia ~ anaesthesia
anemic ~ anaemic
anemias ~ anaemias
anemia ~ anaemia
analyzing ~ analysing
analyzes ~ analyses
analyzers ~ analysers
analyzer ~ analyser
analyzed ~ analysed
analyze ~ analyse
analogs ~ analogues
analog ~ analogue
amphitheaters ~ amphitheatres
amphitheater ~ amphitheatre
amortizing ~ amortising
amortizes ~ amortises
amortized ~ amortised
amortize ~ amortise
amortizations ~ amortisations
amortization ~ amortisation
//amortizable amortisable
ameba ~ amoeba
ambiances ~ ambiences
ambiance ~ ambience
aluminum ~ aluminium
//almshouses almhouses
//almshouse almhouse
almanacs ~ almanacks
almanac ~ almanack
airplanes ~ aeroplanes
airplane ~ aeroplane
agonizingly ~ agonisingly
agonizing ~ agonising
agonizes ~ agonises
agonized ~ agonised
agonize ~ agonise
agings ~ ageings
aging ~ ageing
aggrandizements ~ aggrandisements
aggrandizement ~ aggrandisement
afterward ~ afterwards
aerograms ~ aerogrammes
aerogram ~ aerogramme
acknowledgments ~ acknowledgements
acknowledgment ~ acknowledgement
accouterments ~ accoutrements
accouterment ~ accoutrement
acclimatizing ~ acclimatising
acclimatizes ~ acclimatises
acclimatized ~ acclimatised
acclimatize ~ acclimatise
acclimatizations ~ acclimatisations
acclimatization ~ acclimatisation
accessorizing ~ accessorising
accessorizes ~ accessorises
accessorized ~ accessorised
accessorize ~ accessorise
abridgments ~ abridgements
abridgment ~ abridgement
//Christianized Christianised
//Benedictine Benedectine
euthanize ~ euthanise
euthanizes ~ euthanises
euthanizing ~ euthanising
euthanized ~ euthanised
