// gr-dict 1.0
// Unidirectional mapping of different dialect words to their Canadian spelling.
//
// @type = one-to-one
// @case-sensitive = false
// @dialect-sensitive = true
// @tags = dialect

// o => ou (color => colour, mold => mould)

arbor ~ arbour
arbors ~ arbours
ardor ~ ardour
ardors ~ ardours
armor ~ armour
armored ~ armoured
armorer ~ armourer
armorers ~ armourers
armories ~ armouries
armoring ~ armouring
armors ~ armours
armory ~ armoury
behavior ~ behaviour
behavioral ~ behavioural
behaviorism ~ behaviourism
behaviorisms ~ behaviourisms
behaviorist ~ behaviourist
behaviorists ~ behaviourists
behaviors ~ behaviours
belabor ~ belabour
belabored ~ belaboured
belaboring ~ belabouring
belabors ~ belabours
candor ~ candour
clamor ~ clamour
clamored ~ clamoured
clamoring ~ clamouring
clamorings ~ clamourings
clamors ~ clamours
clangor ~ clangour
color ~ colour
colorant ~ colourant
colorants ~ colourants
colored ~ coloured
coloreds ~ coloureds
colorful ~ colourful
colorfully ~ colourfully
coloring ~ colouring
colorings ~ colourings
colorize ~ colourize
colorized ~ colourized
colorizes ~ colourizes
colorizing ~ colourizing
colorless ~ colourless
colors ~ colours
colter ~ coulter
colters ~ coulters
demeanor ~ demeanour
demeanors ~ demeanours
discolor ~ discolour
discolored ~ discoloured
discoloring ~ discolouring
discolors ~ discolours
disfavor ~ disfavour
dishonor ~ dishonour
dishonorable ~ dishonourable
dishonorably ~ dishonourably
dishonored ~ dishonoured
dishonoring ~ dishonouring
dishonors ~ dishonours
dolor ~ dolour
dolors ~ dolours
enamor ~ enamour
enamored ~ enamoured
enamoring ~ enamouring
enamors ~ enamours
endeavor ~ endeavour
endeavored ~ endeavoured
endeavoring ~ endeavouring
endeavors ~ endeavours
favor ~ favour
favorable ~ favourable
favorably ~ favourably
favored ~ favoured
favoring ~ favouring
favorite ~ favourite
favorited ~ favourited
favorites ~ favourites
favoriting ~ favouriting
favoritism ~ favouritism
favors ~ favours
fervor ~ fervour
fervors ~ fervours
flavor ~ flavour
flavored ~ flavoured
flavoring ~ flavouring
flavorings ~ flavourings
flavorless ~ flavourless
flavors ~ flavours
flavorsome ~ flavoursome
glamor ~ glamour
harbor ~ harbour
harbored ~ harboured
harboring ~ harbouring
harbors ~ harbours
honor ~ honour
honorable ~ honourable
honorably ~ honourably
honored ~ honoured
honoring ~ honouring
honors ~ honours
humor ~ humour
humored ~ humoured
humoring ~ humouring
humorless ~ humourless
humors ~ humours
labor ~ labour
labored ~ laboured
laborer ~ labourer
laborers ~ labourers
laboring ~ labouring
labors ~ labours
misbehavior ~ misbehaviour
misbehaviors ~ misbehaviours
misdemeanor ~ misdemeanour
misdemeanors ~ misdemeanours
mold ~ mould
molded ~ moulded
molder ~ moulder
moldered ~ mouldered
moldering ~ mouldering
molders ~ moulders
moldier ~ mouldier
moldiest ~ mouldiest
molding ~ moulding
moldings ~ mouldings
molds ~ moulds
moldy ~ mouldy
molt ~ moult
molted ~ moulted
molting ~ moulting
molts ~ moults
multicolor ~ multicolour
multicolored ~ multicoloured
neighbor ~ neighbour
neighborhood ~ neighbourhood
neighborhoods ~ neighbourhoods
neighboring ~ neighbouring
neighborliness ~ neighbourliness
neighborly ~ neighbourly
neighbors ~ neighbours
odor ~ odour
odorless ~ odourless
odors ~ odours
parlor ~ parlour
parlormaid ~ parlourmaid
parlormaids ~ parlourmaids
parlors ~ parlours
rancor ~ rancour
remold ~ remould
remolded ~ remoulded
remolding ~ remoulding
remolds ~ remoulds
rigor ~ rigour
rigors ~ rigours
rumor ~ rumour
rumored ~ rumoured
rumoring ~ rumouring
rumormonger ~ rumourmonger
rumormongers ~ rumourmongers
rumors ~ rumours
savior ~ saviour
saviors ~ saviours
savor ~ savour
savored ~ savoured
savories ~ savouries
savoring ~ savouring
savors ~ savours
savory ~ savoury
smolder ~ smoulder
smoldered ~ smouldered
smoldering ~ smouldering
smolders ~ smoulders
splendor ~ splendour
splendors ~ splendours
succor ~ succour
succored ~ succoured
succoring ~ succouring
succors ~ succours
technicolor ~ technicolour
tricolor ~ tricolour
tricolors ~ tricolours
tumor ~ tumour
tumors ~ tumours
unfavorable ~ unfavourable
unfavorably ~ unfavourably
unsavory ~ unsavoury
valor ~ valour
vapor ~ vapour
vapored ~ vapoured
vaporing ~ vapouring
vapors ~ vapours
vigor ~ vigour
watercolor ~ watercolour
watercolors ~ watercolours

// er => re

accouterment ~ accoutrement
accouterments ~ accoutrements
amphitheater ~ amphitheatre
amphitheaters ~ amphitheatres
caliber ~ calibre
calibers ~ calibres
centerboard ~ centreboard
centerfold ~ centrefold
centerfolds ~ centrefolds
centerpiece ~ centrepiece
centerpieces ~ centrepieces
centiliter ~ centilitre
centiliters ~ centilitres
centimeter ~ centimetre
centimeters ~ centimetres
epicenter ~ epicentre
epicenters ~ epicentres
fiber ~ fibre
fiberglass ~ fibreglass
fibers ~ fibres
goiter ~ goitre
goiters ~ goitres
kilometer ~ kilometre
kilometers ~ kilometres
lackluster ~ lacklustre
liter ~ litre
liters ~ litres
louver ~ louvre
louvers ~ louvres
luster ~ lustre
lusters ~ lustres
meager ~ meagre
metacenter ~ metacentre
metacenters ~ metacentres
micrometer ~ micrometre
micrometers ~ micrometres
milliliter ~ millilitre
milliliters ~ millilitres
millimeter ~ millimetre
millimeters ~ millimetres
miter ~ mitre
miters ~ mitres
niter ~ nitre
philter ~ philtre
philters ~ philtres
reconnoiter ~ reconnoitre
reconnoiters ~ reconnoitres
saber ~ sabre
sabers ~ sabres
saltpeter ~ saltpetre
scepter ~ sceptre
scepters ~ sceptres
sepulcher ~ sepulchre
sepulchers ~ sepulchres
somber ~ sombre
specter ~ spectre
specters ~ spectres
theater ~ theatre
theatergoer ~ theatregoer
theatergoers ~ theatregoers
theaters ~ theatres

// l => ll (in word forms)

backpedaled ~ backpedalled
backpedaling ~ backpedalling
bedeviled ~ bedevilled
bedeviling ~ bedevilling
bejeweled ~ bejewelled
beveled ~ bevelled
caliper ~ calliper
calipers ~ callipers
calisthenics ~ callisthenics
cancelation ~ cancellation
cancelations ~ cancellations
canceled ~ cancelled
canceling ~ cancelling
caroled ~ carolled
caroling ~ carolling
carolings ~ carollings
caviled ~ cavilled
caviling ~ cavilling
cavilings ~ cavillings
channeled ~ channelled
channeling ~ channelling
chili ~ chilli
chilies ~ chillies
chiseled ~ chiselled
chiseling ~ chiselling
councilor ~ councillor
councilors ~ councillors
counseled ~ counselled
counseling ~ counselling
counselor ~ counsellor
counselors ~ counsellors
crenelate ~ crenellate
crenelated ~ crenellated
crenelates ~ crenellates
crenelating ~ crenellating
crueler ~ crueller
cruelest ~ cruellest
cudgeled ~ cudgelled
cudgeling ~ cudgelling
dialed ~ dialled
dialing ~ dialling
dialings ~ diallings
disemboweled ~ disembowelled
disemboweling ~ disembowelling
disembowelings ~ disembowellings
disheveled ~ dishevelled
driveled ~ drivelled
driveling ~ drivelling
dueled ~ duelled
dueling ~ duelling
empaneled ~ empanelled
empaneling ~ empanelling
enameled ~ enamelled
enameling ~ enamelling
equaled ~ equalled
funneled ~ funnelled
funneling ~ funnelling
gamboled ~ gambolled
gamboling ~ gambolling
graveled ~ gravelled
graveling ~ gravelling
groveled ~ grovelled
groveling ~ grovelling
grueling ~ gruelling
gruelingly ~ gruellingly
imperiled ~ imperilled
imperiling ~ imperilling
initialed ~ initialled
initialing ~ initialling
jeweled ~ jewelled
jeweler ~ jeweller
jewelers ~ jewellers
labeled ~ labelled
labeler ~ labeller
labelers ~ labellers
labeling ~ labelling
labelings ~ labellings
leveled ~ levelled
leveler ~ leveller
levelers ~ levellers
leveling ~ levelling
libeled ~ libelled
libeling ~ libelling
libelous ~ libellous
marshaled ~ marshalled
marshaling ~ marshalling
marveled ~ marvelled
marveling ~ marvelling
marvelous ~ marvellous
marvelously ~ marvellously
modeled ~ modelled
modeler ~ modeller
modelers ~ modellers
modeling ~ modelling
modelings ~ modellings
paneled ~ panelled
paneling ~ panelling
panelist ~ panellist
panelists ~ panellists
parceled ~ parcelled
parceling ~ parcelling
pedaled ~ pedalled
pedaling ~ pedalling
penciled ~ pencilled
penciling ~ pencilling
quarreled ~ quarrelled
quarreling ~ quarrelling
raveled ~ ravelled
raveling ~ ravelling
refueled ~ refuelled
refueling ~ refuelling
refuelings ~ refuellings
remodeled ~ remodelled
remodeling ~ remodelling
remodelings ~ remodellings
reveled ~ revelled
reveler ~ reveller
revelers ~ revellers
reveling ~ revelling
rivaled ~ rivalled
rivaling ~ rivalling
shoveled ~ shovelled
shoveling ~ shovelling
shriveled ~ shrivelled
shriveling ~ shrivelling
signaled ~ signalled
signaling ~ signalling
signalings ~ signallings
sniveled ~ snivelled
sniveling ~ snivelling
snorkeled ~ snorkelled
snorkeling ~ snorkelling
spiraled ~ spiralled
spiraling ~ spiralling
squirreled ~ squirrelled
squirreling ~ squirrelling
stenciled ~ stencilled
stenciling ~ stencilling
swiveled ~ swivelled
swiveling ~ swivelling
tasseled ~ tasselled
totaled ~ totalled
totaling ~ totalling
toweled ~ towelled
toweling ~ towelling
towelings ~ towellings
trammeled ~ trammelled
trammeling ~ trammelling
tranquility ~ tranquillity
tranquilize ~ tranquillize
tranquilized ~ tranquillized
tranquilizer ~ tranquillizer
tranquilizers ~ tranquillizers
tranquilizes ~ tranquillizes
tranquilizing ~ tranquillizing
traveled ~ travelled
traveler ~ traveller
travelers ~ travellers
traveling ~ travelling
travelings ~ travellings
trialed ~ trialled
trialing ~ trialling
tunneled ~ tunnelled
tunneling ~ tunnelling
tunnelings ~ tunnellings
unequaled ~ unequalled
unraveled ~ unravelled
unraveling ~ unravelling
unrivaled ~ unrivalled
untrammeled ~ untrammelled
weaseled ~ weaselled
weaseling ~ weaselling
woolen ~ woollen
woolens ~ woollens
woolier ~ woollier
woolies ~ woollies
wooliest ~ woolliest
wooly ~ woolly
yodeled ~ yodelled
yodeling ~ yodelling

// se => ce

defense ~ defence
defenseless ~ defenceless
defenses ~ defences
offense ~ offence
offenses ~ offences
vise ~ vice
vises ~ vices

// oe => e, ae => e

abetalipoproteinaemia ~ abetalipoproteinemia
aeon ~ eon
aeons ~ eons
aetiology ~ etiology
agammaglobulinaemia ~ agammaglobulinemia
albuminaemia ~ albuminemia
alcoholaemia ~ alcoholemia
anaemia ~ anemia
anaemias ~ anemias
anaemic ~ anemic
anaesthesia ~ anesthesia
anaesthesias ~ anesthesias
anaesthetic ~ anesthetic
anaesthetics ~ anesthetics
anaesthetist ~ anesthetist
anaesthetists ~ anesthetists
anaesthetize ~ anesthetize
anaesthetized ~ anesthetized
anaesthetizes ~ anesthetizes
anaesthetizing ~ anesthetizing
anoxaemia ~ anoxemia
antigenaemia ~ antigenemia
antileukaemic ~ antileukemic
azotaemia ~ azotemia
bacteraemia ~ bacteremia
bougainvillaea ~ bougainvillea
bougainvillaeas ~ bougainvilleas
caesium ~ cesium
carboxyhaemoglobin ~ carboxyhemoglobin
caesarean ~ cesarean
chimaera ~ chimera
chimaeras ~ chimeras
chimaeric ~ chimeric
cholesterolaemia ~ cholesterolemia
cryoglobulinaemia ~ cryoglobulinemia
cyclopaedia ~ cyclopedia
deoxyhaemoglobin ~ deoxyhemoglobin
diarrhoea ~ diarrhea
diarrhoeas ~ diarrheas
dysbetalipoproteinaemia ~ dysbetalipoproteinemia
dyslipidaemia ~ dyslipidemia
encyclopaedia ~ encyclopedia
encyclopaediae ~ encyclopediae
encyclopaedias ~ encyclopedias
encyclopaedic ~ encyclopedic
endotoxaemia ~ endotoxemia
euglycaemia ~ euglycemia
faecal ~ fecal
faeces ~ feces
foetal ~ fetal
foetid ~ fetid
foetus ~ fetus
foetuses ~ fetuses
fungaemia ~ fungemia
galactosaemia ~ galactosemia
glycaemia ~ glycemia
gonorrhoea ~ gonorrhea
gonorrhoeas ~ gonorrheas
gynaecological ~ gynecological
gynaecologies ~ gynecologies
gynaecologist ~ gynecologist
gynaecologists ~ gynecologists
gynaecology ~ gynecology
haematein ~ hematein
haemateins ~ hemateins
haematocele ~ hematocele
haematocrit ~ hematocrit
haematocrits ~ hematocrits
haematogenous ~ hematogenous
haematological ~ hematological
haematologist ~ hematologist
haematologists ~ hematologists
haematology ~ hematology
haematoma ~ hematoma
haematomas ~ hematomas
haematophagous ~ hematophagous
haematopoiesis ~ hematopoiesis
haematopoietic ~ hematopoietic
haematoxylin ~ hematoxylin
haematoxylins ~ hematoxylins
haemochromatosis ~ hemochromatosis
haemocoel ~ hemocoel
haemocyanin ~ hemocyanin
haemocyte ~ hemocyte
haemocytes ~ hemocytes
haemocytometer ~ hemocytometer
haemodialyses ~ hemodialyses
haemodialysis ~ hemodialysis
haemodynamic ~ hemodynamic
haemodynamically ~ hemodynamically
haemodynamics ~ hemodynamics
haemogenic ~ hemogenic
haemoglobin ~ hemoglobin
haemoglobinopathies ~ hemoglobinopathies
haemoglobinopathy ~ hemoglobinopathy
haemoglobins ~ hemoglobins
haemoglobinuria ~ hemoglobinuria
haemoglobinurias ~ hemoglobinurias
haemolymph ~ hemolymph
haemolysate ~ hemolysate
haemolysin ~ hemolysin
haemolysins ~ hemolysins
haemolysis ~ hemolysis
haemolytic ~ hemolytic
haemophilia ~ hemophilia
haemophiliac ~ hemophiliac
haemophiliacs ~ hemophiliacs
haemophilic ~ hemophilic
haemophobia ~ hemophobia
haemopoiesis ~ hemopoiesis
haemopoietic ~ hemopoietic
haemoprotein ~ hemoprotein
haemoproteins ~ hemoproteins
haemoptysis ~ hemoptysis
haemorrhage ~ hemorrhage
haemorrhaged ~ hemorrhaged
haemorrhages ~ hemorrhages
haemorrhagic ~ hemorrhagic
haemorrhaging ~ hemorrhaging
haemorrhoid ~ hemorrhoid
haemorrhoids ~ hemorrhoids
haemostasis ~ hemostasis
haemostat ~ hemostat
haemostatic ~ hemostatic
haemostats ~ hemostats
haemotoxylin ~ hemotoxylin
haemozoin ~ hemozoin
histidinaemia ~ histidinemia
homoeopath ~ homeopath
homoeopathic ~ homeopathic
homoeopaths ~ homeopaths
homoeopathy ~ homeopathy
homoeostasis ~ homeostasis
hydraemia ~ hydremia
hyperaemia ~ hyperemia
hyperbilirubinaemia ~ hyperbilirubinemia
hypercalcaemia ~ hypercalcemia
hypercholesteraemia ~ hypercholesteremia
hypercholesterolaemia ~ hypercholesterolemia
hyperglycaemia ~ hyperglycemia
hyperhomocysteinaemia ~ hyperhomocysteinemia
hyperinsulinaemia ~ hyperinsulinemia
hyperkalaemia ~ hyperkalemia
hyperlipidaemia ~ hyperlipidemia
hyperlipoproteinaemia ~ hyperlipoproteinemia
hyperprolactinaemia ~ hyperprolactinemia
hypertriglyceridaemia ~ hypertriglyceridemia
hyperuricaemia ~ hyperuricemia
hypervolaemia ~ hypervolemia
hypoalbuminaemia ~ hypoalbuminemia
hypocalcaemia ~ hypocalcemia
hypogammaglobulinaemia ~ hypogammaglobulinemia
hypoglycaemia ~ hypoglycemia
hypoinsulinaemia ~ hypoinsulinemia
hypomagnesaemia ~ hypomagnesemia
hyponatraemia ~ hyponatremia
hypophosphataemia ~ hypophosphatemia
hypouricaemia ~ hypouricemia
hypoxaemia ~ hypoxemia
insulinaemia ~ insulinemia
ischaemia ~ ischemia
ketonaemia ~ ketonemia
leukaemia ~ leukemia
leukaemias ~ leukemias
leukaemic ~ leukemic
leukaemogenesis ~ leukemogenesis
macroglobulinaemia ~ macroglobulinemia
mediaeval ~ medieval
mediaevals ~ medievals
menorrhoea ~ menorrhea
methaemoglobin ~ methemoglobin
methaemoglobinaemia ~ methemoglobinaemia
methemoglobinaemia ~ methemoglobinemia
natraemia ~ natremia
nonhaemolytic ~ nonhemolytic
normokalaemia ~ normokalemia
oedema ~ edema
oedemata ~ edemata
oenology ~ enology
oesophagoscope ~ esophagoscope
oesophagus ~ esophagus
oestrogen ~ estrogen
oestrogens ~ estrogens
oestrous ~ estrous
orthopaedic ~ orthopedic
orthopaedics ~ orthopedics
oxyhaemoglobin ~ oxyhemoglobin
paedagogies ~ pedagogies
paedagogy ~ pedagogy
paederast ~ pederast
paederasts ~ pederasts
paediatric ~ pediatric
paediatrician ~ pediatrician
paediatricians ~ pediatricians
paediatrics ~ pediatrics
paedophile ~ pedophile
paedophiles ~ pedophiles
paedophilia ~ pedophilia
palaeobotany ~ paleobotany
palaeocene ~ paleocene
palaeoclimatology ~ paleoclimatology
palaeogeography ~ paleogeography
palaeographies ~ paleographies
palaeography ~ paleography
palaeolithic ~ paleolithic
palaeomagnetism ~ paleomagnetism
palaeontologist ~ paleontologist
palaeontologists ~ paleontologists
palaeontology ~ paleontology
palaeozoic ~ paleozoic
parasitaemia ~ parasitemia
pharmacopoeia ~ pharmacopeia
pharmacopoeias ~ pharmacopeias
polycythaemia ~ polycythemia
praesidium ~ presidium
praesidiums ~ presidiums
primaeval ~ primeval
pyaemia ~ pyemia
septicaemia ~ septicemia
thalassaemia ~ thalassemia
toxaemia ~ toxemia
toxaemias ~ toxemias
tyrosinaemia ~ tyrosinemia
uraemia ~ uremia
viraemia ~ viremia

// f => ph

bisulfate ~ bisulphate
bisulfates ~ bisulphates
bisulfite ~ bisulphite
bisulfites ~ bisulphites
disulfide ~ disulphide
disulfides ~ disulphides
hydrosulfite ~ hydrosulphite
hydrosulfites ~ hydrosulphites
pyrosulfite ~ pyrosulphite
pyrosulfites ~ pyrosulphites
sulfate ~ sulphate
sulfated ~ sulphated
sulfates ~ sulphates
sulfating ~ sulphating
sulfide ~ sulphide
sulfides ~ sulphides
sulfite ~ sulphite
sulfites ~ sulphites
sulfur ~ sulphur
sulfured ~ sulphured
sulfuring ~ sulphuring
sulfurous ~ sulphurous
sulfurs ~ sulphurs

// silent e

aging ~ ageing
agings ~ ageings
ax ~ axe
battleax ~ battleaxe

// gue => g

catalog ~ catalogue
catalogs ~ catalogues
dialog ~ dialogue
dialogs ~ dialogues
epilog ~ epilogue
epilogs ~ epilogues
monolog ~ monologue
monologs ~ monologues
prolog ~ prologue
prologs ~ prologues
travelog ~ travelogue
travelogs ~ travelogues

// ll => l in lexems

instal ~ install
instaled ~ installed
instaling ~ installing

// hyphenated

north-easts ~ northeasts
north-west ~ northwest
north-wests ~ northwests
south-east ~ southeast
south-easts ~ southeasts
south-west ~ southwest
south-wests ~ southwests

// other

almanack ~ almanac
almanacks ~ almanacs
aluminium ~ aluminum
archepiscopal ~ archiepiscopal
artefact ~ artifact
artefacts ~ artifacts
atishoo ~ achoo
atishoos ~ achoos
baulk ~ balk
baulked ~ balked
baulking ~ balking
baulks ~ balks
behove ~ behoove
behoved ~ behooved
behoves ~ behooves
behoving ~ behooving
bevvies ~ bevies
bevvy ~ bevy
carcase ~ carcass
carcases ~ carcasses
centered ~ centred
centering ~ centring
centerings ~ centrings
checkbook ~ chequebook
checkbooks ~ chequebooks
collonaded ~ colonnaded
compleat ~ complete
compleated ~ completed
compleater ~ completer
compleaters ~ completers
compleates ~ completes
compleatest ~ completest
compleating ~ completing
cosied ~ cozied
cosier ~ cozier
cosies ~ cozies
cosiest ~ coziest
cosily ~ cozily
cosiness ~ coziness
cosy ~ cozy
cosying ~ cozying
doodah ~ doodad
doodahs ~ doodads
empanel ~ impanel
empanelled ~ impanelled
empanelling ~ impanelling
empanels ~ impanels
gaol ~ jail
gaolbird ~ jailbird
gaolbirds ~ jailbirds
gaolbreak ~ jailbreak
gaolbreaking ~ jailbreaking
gaolbreaks ~ jailbreaks
gaolbroke ~ jailbroke
gaolbroken ~ jailbroken
gaoled ~ jailed
gaoler ~ jailer
gaolers ~ jailers
gaoling ~ jailing
gaolings ~ jailings
gaols ~ jails
gipsies ~ gypsies
gipsy ~ gypsy
gryphon ~ griffin
gryphons ~ griffins
haulier ~ hauler
hauliers ~ haulers
inflexion ~ inflection
inflexions ~ inflections
kerb ~ curb
kerbed ~ curbed
kerbing ~ curbing
kerbings ~ curbings
kerbs ~ curbs
liquorice ~ licorice
liquorices ~ licorices
louvered ~ louvred
lustred ~ lustered
lustring ~ lustering
meagrest ~ meagerest
metred ~ metered
metring ~ metering
nett ~ net
pajama ~ pyjama
pajamas ~ pyjamas
philtred ~ philtered
philtring ~ philtering
prefered ~ preferred
prefereds ~ preferreds
racoon ~ raccoon
racoons ~ raccoons
reconnoitered ~ reconnoitred
reconnoitering ~ reconnoitring
reconnoiterings ~ reconnoitrings
retroflection ~ retroflexion
retroflections ~ retroflexions
sceptic ~ skeptic
sceptical ~ skeptical
sceptically ~ skeptically
scepticism ~ skepticism
scepticisms ~ skepticisms
scepticist ~ skepticist
scepticists ~ skepticists
sceptics ~ skeptics
sledge ~ sled
sledged ~ sledded
sledges ~ sleds
sledging ~ sledding
sledgings ~ sleddings
somberer ~ sombrer
somberest ~ sombrest
specialities ~ specialties
speciality ~ specialty
tabletting ~ tableting
tranship ~ transship
transhiped ~ transshiped
transhipment ~ transshipment
transhipping ~ transshipping
waggon ~ wagon
waggoned ~ wagoned
waggoning ~ wagoning
waggons ~ wagons
yoghourt ~ yogurt
yoghourts ~ yogurts
yoghurt ~ yogurt
yoghurts ~ yogurts

//   carat has more meanings
//carat ~ karat
//carats ~ karats
//   different meaninings
//barque ~ bark
//barqued ~ barked
//barques ~ barks
//barquing ~ barking
//storey ~ story
//   both are possible
//abridgment ~ abridgement
//abridgments ~ abridgements
//acknowledgment ~ acknowledgement
//acknowledgments ~ acknowledgements
//ambience ~ ambiance
//ambiences ~ ambiances
//analog ~ analogue
//analogs ~ analogues
//annex ~ annexe
//apophthegm ~ apothegm
//apophthegms ~ apothegms
//appal ~ appall
//appaled ~ appalled
//appaling ~ appalling
//appals ~ appalls
//backwards ~ backward
//bannister ~ banister
//bannisters ~ banisters
//carburettor ~ carburetor
//carburettors ~ carburetors
//clarinettist ~ clarinetist
//clarinettists ~ clarinetists
//collectable ~ collectible
//collectables ~ collectibles
//commission ~ commision
//commissioned ~ commisioned
//commissioning ~ commisioning
//commissions ~ commisions
//distil ~ distill
//distils ~ distills
//enquire ~ inquire
//enquiries ~ inquiries
//enquiry ~ inquiry
//enrol ~ enroll
//enrols ~ enrolls
//ensorcel ~ ensorcell
//ensorceled ~ ensorcelled
//ensorceling ~ ensorcelling
//ensorcels ~ ensorcells
//enthral ~ enthrall
//enthraled ~ enthralled
//enthraling ~ enthralling
//enthrals ~ enthralls
//epaulette ~ epaulet
//epaulettes ~ epaulets
//flautist ~ flutist
//flautists ~ flutists
//fledgling ~ fledgeling
//fledglings ~ fledgelings
//fulfil ~ fulfill
//fulfiled ~ fulfilled
//fulfiling ~ fulfilling
//fulfilment ~ fulfillment
//fulfils ~ fulfills
//furor ~ furore
//furors ~ furores
//galoshes ~ goloshes
//gluing ~ glueing
//groin ~ groyne
//groins ~ groynes
//heydey ~ heyday
//heydeys ~ heydays
//inclosure ~ enclosure
//inclosures ~ enclosures
//instalment ~ installment
//instalments ~ installments
//instals ~ installs
//instil ~ instill
//instiled ~ instilled
//instiling ~ instilling
//instils ~ instills
//jewellery ~ jewelry
//judgment ~ judgement
//judgments ~ judgements
//leant ~ leaned
//leapt ~ leaped
//learnt ~ learned
//likable ~ likeable
//manoeuvrability ~ maneuverability
//manoeuvrable ~ maneuverable
//manoeuvre ~ maneuver
//manoeuvred ~ maneuvered
//manoeuvres ~ maneuvers
//manoeuvring ~ maneuvering
//manoeuvrings ~ maneuverings
//mementos ~ mementoes
//minibuses ~ minibusses
//misjudgment ~ misjudgement
//misjudgments ~ misjudgements
//misspelt ~ misspelled
//mitred ~ mitered
//mitring ~ mitering
//mollusc ~ mollusk
//molluscs ~ mollusks
//moustache ~ mustache
//moustached ~ mustached
//moustaches ~ mustaches
//moustachioed ~ mustachioed
//neuron ~ neurone
//neurons ~ neurones
//nought ~ naught
//oesophagal ~ esophageal
//omelette ~ omelet
//omelettes ~ omelets
//outmanoeuvre ~ outmaneuver
//outmanoeuvred ~ outmaneuvered
//outmanoeuvres ~ outmaneuvers
//outmanoeuvring ~ outmaneuvering
//phial ~ vial
//phialed ~ vialed
//phialing ~ vialing
//phials ~ vials
//phony ~ phoney
//plough ~ plow
//ploughed ~ plowed
//ploughing ~ plowing
//ploughman ~ plowman
//ploughmen ~ plowmen
//ploughs ~ plows
//ploughshare ~ plowshare
//ploughshares ~ plowshares
//polyethene ~ polyethylene
//pouffe ~ pouf
//pouffes ~ poufs
//practise ~ practice
//practised ~ practiced
//practises ~ practices
//practising ~ practicing
//pretense ~ pretence
//pretenses ~ pretences
//routing ~ routeing
//routings ~ routeings
//sceptred ~ sceptered
//sceptring ~ sceptering
//selvedge ~ selvage
//selvedges ~ selvages
//sepulchred ~ sepulchered
//sepulchring ~ sepulchering
//sheikh ~ sheik
//sheikhs ~ sheiks
//shoppe ~ shop
//shoppes ~ shops
//skilful ~ skillful
//snowplough ~ snowplow
//snowploughed ~ snowplowed
//snowploughing ~ snowplowing
//snowploughs ~ snowplows
//spelt ~ spelled
//spilt ~ spilled
//tranquilly ~ tranquility
//unspoilt ~ unspoiled
//whiskies ~ whiskeys
//whisky ~ whiskey
//   both are possible, i prevails
//cypher ~ cipher
//cyphers ~ ciphers
//dyke ~ dike
//dyked ~ diked
//dykes ~ dikes
//syphon ~ siphon
//syphoned ~ siphoned
//syphoning ~ siphoning
//syphons ~ siphons
//tyre ~ tire
//tyred ~ tired
//tyreder ~ tireder
//tyredest ~ tiredest
//tyres ~ tires
//tyring ~ tiring
//tyrings ~ tirings
//   both are possible, gram is prevailing
//aerogramme ~ aerogram
//aerogrammes ~ aerograms
//centigramme ~ centigram
//centigrammes ~ centigrams
//gramme ~ gram
//grammes ~ grams
//kilogramme ~ kilogram
//kilogrammes ~ kilograms
//milligramme ~ milligram
//milligrammes ~ milligrams
//   both possible with different meanings, FPFN-6460,6693 for more info
//center ~ centre
//centers ~ centres
