// gr-dict 1.0
// Unidirectional mapping of different dialect words to their British spelling.
//
// @type = one-to-one
// @case-sensitive = false
// @dialect-sensitive = true
// @tags = dialect

// l => ll (in word forms)

backpedaled ~ backpedalled
backpedaling ~ backpedalling
bedeviled ~ bedevilled
bedeviling ~ bedevilling
bejeweled ~ bejewelled
beveled ~ bevelled
caliper ~ calliper
calipers ~ callipers
calisthenics ~ callisthenics
cancelation ~ cancellation
cancelations ~ cancellations
canceled ~ cancelled
canceling ~ cancelling
caroled ~ carolled
caroling ~ carolling
carolings ~ carollings
caviled ~ cavilled
caviling ~ cavilling
cavilings ~ cavillings
channeled ~ channelled
channeling ~ channelling
chili ~ chilli
chilies ~ chillies
chiseled ~ chiselled
chiseling ~ chiselling
councilor ~ councillor
councilors ~ councillors
counseled ~ counselled
counseling ~ counselling
counselor ~ counsellor
counselors ~ counsellors
crenelate ~ crenellate
crenelated ~ crenellated
crenelates ~ crenellates
crenelating ~ crenellating
crueler ~ crueller
cruelest ~ cruellest
cudgeled ~ cudgelled
cudgeling ~ cudgelling
dialed ~ dialled
dialing ~ dialling
dialings ~ diallings
disemboweled ~ disembowelled
disemboweling ~ disembowelling
disembowelings ~ disembowellings
disheveled ~ dishevelled
driveled ~ drivelled
driveling ~ drivelling
dueled ~ duelled
dueling ~ duelling
empaneled ~ empanelled
empaneling ~ empanelling
enameled ~ enamelled
enameling ~ enamelling
equaled ~ equalled
funneled ~ funnelled
funneling ~ funnelling
gamboled ~ gambolled
gamboling ~ gambolling
graveled ~ gravelled
graveling ~ gravelling
groveled ~ grovelled
groveling ~ grovelling
grueling ~ gruelling
gruelingly ~ gruellingly
imperiled ~ imperilled
imperiling ~ imperilling
initialed ~ initialled
initialing ~ initialling
jeweled ~ jewelled
jeweler ~ jeweller
jewelers ~ jewellers
labeled ~ labelled
labeler ~ labeller
labelers ~ labellers
labeling ~ labelling
labelings ~ labellings
leveled ~ levelled
leveler ~ leveller
levelers ~ levellers
leveling ~ levelling
libeled ~ libelled
libeling ~ libelling
libelous ~ libellous
marshaled ~ marshalled
marshaling ~ marshalling
marveled ~ marvelled
marveling ~ marvelling
marvelous ~ marvellous
marvelously ~ marvellously
modeled ~ modelled
modeler ~ modeller
modelers ~ modellers
modeling ~ modelling
modelings ~ modellings
paneled ~ panelled
paneling ~ panelling
panelist ~ panellist
panelists ~ panellists
parceled ~ parcelled
parceling ~ parcelling
pedaled ~ pedalled
pedaling ~ pedalling
penciled ~ pencilled
penciling ~ pencilling
percent ~ per cent
persnickety ~ pernickety
quarreled ~ quarrelled
quarreling ~ quarrelling
raveled ~ ravelled
raveling ~ ravelling
refueled ~ refuelled
refueling ~ refuelling
refuelings ~ refuellings
remodeled ~ remodelled
remodeling ~ remodelling
remodelings ~ remodellings
reveled ~ revelled
reveler ~ reveller
revelers ~ revellers
reveling ~ revelling
rivaled ~ rivalled
rivaling ~ rivalling
shoveled ~ shovelled
shoveling ~ shovelling
shriveled ~ shrivelled
shriveling ~ shrivelling
signaled ~ signalled
signaling ~ signalling
signalings ~ signallings
sniveled ~ snivelled
sniveling ~ snivelling
snorkeled ~ snorkelled
snorkeling ~ snorkelling
spiraled ~ spiralled
spiraling ~ spiralling
squirreled ~ squirrelled
squirreling ~ squirrelling
stenciled ~ stencilled
stenciling ~ stencilling
swiveled ~ swivelled
swiveling ~ swivelling
tasseled ~ tasselled
totaled ~ totalled
totaling ~ totalling
toweled ~ towelled
toweling ~ towelling
towelings ~ towellings
trammeled ~ trammelled
trammeling ~ trammelling
tranquility ~ tranquillity
tranquilize ~ tranquillize
tranquilized ~ tranquillized
tranquilizer ~ tranquillizer
tranquilizers ~ tranquillizers
tranquilizes ~ tranquillizes
tranquilizing ~ tranquillizing
traveled ~ travelled
traveler ~ traveller
travelers ~ travellers
traveling ~ travelling
travelings ~ travellings
trialed ~ trialled
trialing ~ trialling
tunneled ~ tunnelled
tunneling ~ tunnelling
tunnelings ~ tunnellings
unequaled ~ unequalled
unraveled ~ unravelled
unraveling ~ unravelling
unrivaled ~ unrivalled
untrammeled ~ untrammelled
weaseled ~ weaselled
weaseling ~ weaselling
woolen ~ woollen
woolens ~ woollens
woolier ~ woollier
woolies ~ woollies
wooliest ~ woolliest
wooly ~ woolly
yodeled ~ yodelled
yodeling ~ yodelling

// o => ou (color => colour, mold => mould)

ambercolored ~ ambercoloured
anticolor ~ anticolour
anticolors ~ anticolours
apricotcolored ~ apricotcoloured
arbor ~ arbour
arbors ~ arbours
ardor ~ ardour
ardors ~ ardours
armor ~ armour
armored ~ armoured
armorer ~ armourer
armorers ~ armourers
armories ~ armouries
armoring ~ armouring
armors ~ armours
armory ~ armoury
ashcolored ~ ashcoloured
aurora-colored ~ aurora-coloured
behavior ~ behaviour
behavioral ~ behavioural
behaviorism ~ behaviourism
behaviorisms ~ behaviourisms
behaviorist ~ behaviourist
behaviorists ~ behaviourists
behaviors ~ behaviours
belabor ~ belabour
belabored ~ belaboured
belaboring ~ belabouring
belabors ~ belabours
bicolor ~ bicolour
bicoloration ~ bicolouration
bicolored ~ bicoloured
bodycolor ~ bodycolour
brasscolored ~ brasscoloured
brickcolored ~ brickcoloured
brightly-colored ~ brightly-coloured
buff-colored ~ buff-coloured
burgundycolored ~ burgundycoloured
candor ~ candour
cherrycolored ~ cherrycoloured
chestnut-colored ~ chestnut-coloured
chocolate-colored ~ chocolate-coloured
cinnamon-colored ~ cinnamon-coloured
citroncolored ~ citroncoloured
clamor ~ clamour
clamored ~ clamoured
clamoring ~ clamouring
clamorings ~ clamourings
clamors ~ clamours
clangor ~ clangour
claretcolored ~ claretcoloured
color ~ colour
color-blind ~ colour-blind
color-blindness ~ colour-blindness
color-coordinate ~ colour-coordinate
color-coordinated ~ colour-coordinated
colorability ~ colourability
colorable ~ colourable
colorably ~ colourably
colorant ~ colourant
colorants ~ colourants
coloration ~ colouration
colorational ~ colourational
colorations ~ colourations
colorative ~ colourative
colorbearer ~ colourbearer
colorblind ~ colourblind
colorblindness ~ colourblindness
colorcast ~ colourcast
colorcaster ~ colourcaster
colored ~ coloured
coloreds ~ coloureds
colorer ~ colourer
colorers ~ colourers
colorfast ~ colourfast
colorfastness ~ colourfastness
colorful ~ colourful
colorfully ~ colourfully
colorfulness ~ colourfulness
colorific ~ colourific
colorimeter ~ colourimeter
colorimeters ~ colourimeters
colorimetric ~ colourimetric
colorimetrical ~ colourimetrical
colorimetrically ~ colourimetrically
colorimetry ~ colourimetry
colorin' ~ colourin'
coloring ~ colouring
colorings ~ colourings
colorisation ~ colourisation
colorise ~ colourise
colorism ~ colourism
colorisms ~ colourisms
colorist ~ colourist
coloristic ~ colouristic
coloristically ~ colouristically
colorists ~ colourists
colorization ~ colourization
colorizations ~ colourizations
colorize ~ colourize
colorized ~ colourized
colorizer ~ colourizer
colorizes ~ colourizes
colorizin' ~ colourizin'
colorizing ~ colourizing
colorless ~ colourless
colorlessly ~ colourlessly
colorlessness ~ colourlessness
colormaker ~ colourmaker
colormakers ~ colourmakers
colormap ~ colourmap
colormaps ~ colourmaps
colormen ~ colourmen
colorous ~ colourous
colorphobia ~ colourphobia
colorpoint ~ colourpoint
colorpoints ~ colourpoints
colorpuncture ~ colourpuncture
colors ~ colours
colorspace ~ colourspace
colortype ~ colourtype
colorway ~ colourway
colorways ~ colourways
colorwise ~ colourwise
colorwork ~ colourwork
colter ~ coulter
colters ~ coulters
concolorous ~ concolourous
dark-colored ~ dark-coloured
decolor ~ decolour
decoloration ~ decolouration
decolorations ~ decolourations
decolored ~ decoloured
decoloring ~ decolouring
decolorisation ~ decolourisation
decolorisations ~ decolourisations
decolorise ~ decolourise
decolorised ~ decolourised
decoloriser ~ decolouriser
decolorises ~ decolourises
decolorising ~ decolourising
decolorization ~ decolourization
decolorize ~ decolourize
decolorized ~ decolourized
decolorizer ~ decolourizer
decolors ~ decolours
demeanor ~ demeanour
demeanors ~ demeanours
discolor ~ discolour
discoloration ~ discolouration
discolorations ~ discolourations
discolored ~ discoloured
discolorer ~ discolourer
discoloring ~ discolouring
discolorings ~ discolourings
discolorisation ~ discolourisation
discolorise ~ discolourise
discolorization ~ discolourization
discolorment ~ discolourment
discolorous ~ discolourous
discolors ~ discolours
disfavor ~ disfavour
dishonor ~ dishonour
dishonorable ~ dishonourable
dishonorably ~ dishonourably
dishonored ~ dishonoured
dishonoring ~ dishonouring
dishonors ~ dishonours
dolor ~ dolour
dolors ~ dolours
dun-colored ~ dun-coloured
dusky-colored ~ dusky-coloured
dustcolored ~ dustcoloured
enamor ~ enamour
enamored ~ enamoured
enamoring ~ enamouring
enamors ~ enamours
endeavor ~ endeavour
endeavored ~ endeavoured
endeavoring ~ endeavouring
endeavors ~ endeavours
favor ~ favour
favorable ~ favourable
favorably ~ favourably
favored ~ favoured
favoring ~ favouring
favorite ~ favourite
favorited ~ favourited
favorites ~ favourites
favoriting ~ favouriting
favoritism ~ favouritism
favors ~ favours
fawn-colored ~ fawn-coloured
fawncolored ~ fawncoloured
fervor ~ fervour
fervors ~ fervours
flame-colored ~ flame-coloured
flavor ~ flavour
flavored ~ flavoured
flavoring ~ flavouring
flavorings ~ flavourings
flavorless ~ flavourless
flavors ~ flavours
flavorsome ~ flavoursome
flesh-colored ~ flesh-coloured
fleshcolored ~ fleshcoloured
forecolor ~ forecolour
forecolors ~ forecolours
garnet-colored ~ garnet-coloured
glamor ~ glamour
gold-colored ~ gold-coloured
handcolor ~ handcolour
harbor ~ harbour
harbored ~ harboured
harboring ~ harbouring
harbors ~ harbours
honey-colored ~ honey-coloured
honor ~ honour
honorable ~ honourable
honorably ~ honourably
honored ~ honoured
honoring ~ honouring
honors ~ honours
humor ~ humour
humored ~ humoured
humoring ~ humouring
humorless ~ humourless
humors ~ humours
labor ~ labour
labored ~ laboured
laborer ~ labourer
laborers ~ labourers
laboring ~ labouring
labors ~ labours
lead-colored ~ lead-coloured
metal-colored ~ metal-coloured
metallic-colored ~ metallic-coloured
misbehavior ~ misbehaviour
misbehaviors ~ misbehaviours
miscolor ~ miscolour
miscoloration ~ miscolouration
miscolored ~ miscoloured
miscoloring ~ miscolouring
miscolors ~ miscolours
misdemeanor ~ misdemeanour
misdemeanors ~ misdemeanours
mold ~ mould
molded ~ moulded
molder ~ moulder
moldered ~ mouldered
moldering ~ mouldering
molders ~ moulders
moldier ~ mouldier
moldiest ~ mouldiest
molding ~ moulding
moldings ~ mouldings
molds ~ moulds
moldy ~ mouldy
molt ~ moult
molted ~ moulted
molting ~ moulting
molts ~ moults
monocolored ~ monocoloured
multi-color ~ multi-colour
multi-colored ~ multi-coloured
multicolor ~ multicolour
multicolored ~ multicoloured
multicolors ~ multicolours
neighbor ~ neighbour
neighborhood ~ neighbourhood
neighborhoods ~ neighbourhoods
neighboring ~ neighbouring
neighborliness ~ neighbourliness
neighborly ~ neighbourly
neighbors ~ neighbours
neutral-colored ~ neutral-coloured
odor ~ odour
odorless ~ odourless
odors ~ odours
off-color ~ off-colour
olive-colored ~ olive-coloured
orange-colored ~ orange-coloured
overcolor ~ overcolour
overcolored ~ overcoloured
parlor ~ parlour
parlormaid ~ parlourmaid
parlormaids ~ parlourmaids
parlors ~ parlours
particolored ~ particoloured
peachy-colored ~ peachy-coloured
pseudocolor ~ pseudocolour
pseudocolored ~ pseudocoloured
pseudocoloring ~ pseudocolouring
pseudocolors ~ pseudocolours
rancor ~ rancour
recolor ~ recolour
recolorable ~ recolourable
recoloration ~ recolouration
recolorations ~ recolourations
recolored ~ recoloured
recolorin' ~ recolourin'
recoloring ~ recolouring
recolors ~ recolours
remold ~ remould
remolded ~ remoulded
remolding ~ remoulding
remolds ~ remoulds
rigor ~ rigour
rigors ~ rigours
rose-colored ~ rose-coloured
rumor ~ rumour
rumored ~ rumoured
rumoring ~ rumouring
rumormonger ~ rumourmonger
rumormongers ~ rumourmongers
rumors ~ rumours
savior ~ saviour
saviors ~ saviours
savor ~ savour
savored ~ savoured
savories ~ savouries
savoring ~ savouring
savors ~ savours
savory ~ savoury
self-colored ~ self-coloured
smolder ~ smoulder
smoldered ~ smouldered
smoldering ~ smouldering
smolders ~ smoulders
snuff-color ~ snuff-colour
solid-colored ~ solid-coloured
splendor ~ splendour
splendors ~ splendours
straw-colored ~ straw-coloured
succor ~ succour
succored ~ succoured
succoring ~ succouring
succors ~ succours
tawny-colored ~ tawny-coloured
technicolor ~ technicolour
technicolored ~ technicoloured
topcolor ~ topcolour
tricolor ~ tricolour
tricolored ~ tricoloured
tricolorous ~ tricolourous
tricolors ~ tricolours
tumor ~ tumour
tumors ~ tumours
uncolorable ~ uncolourable
uncolored ~ uncoloured
uncolorful ~ uncolourful
unfavorable ~ unfavourable
unfavorably ~ unfavourably
unicolor ~ unicolour
unicolorous ~ unicolourous
unsavory ~ unsavoury
valor ~ valour
vapor ~ vapour
vapored ~ vapoured
vaporing ~ vapouring
vapors ~ vapours
varicolored ~ varicoloured
versicolored ~ versicoloured
vigor ~ vigour
violet-colored ~ violet-coloured
water-color ~ water-colour
watercolor ~ watercolour
watercolored ~ watercoloured
watercolorist ~ watercolourist
watercolorists ~ watercolourists
watercolors ~ watercolours
wine-colored ~ wine-coloured

// er => re

accouterment ~ accoutrement
accouterments ~ accoutrements
amphitheater ~ amphitheatre
amphitheaters ~ amphitheatres
caliber ~ calibre
calibers ~ calibres
center ~ centre
centerboard ~ centreboard
centerfold ~ centrefold
centerfolds ~ centrefolds
centerpiece ~ centrepiece
centerpieces ~ centrepieces
centers ~ centres
centiliter ~ centilitre
centiliters ~ centilitres
centimeter ~ centimetre
centimeters ~ centimetres
epicenter ~ epicentre
epicenters ~ epicentres
fiber ~ fibre
fiberglass ~ fibreglass
fibers ~ fibres
goiter ~ goitre
goiters ~ goitres
kilometer ~ kilometre
kilometers ~ kilometres
lackluster ~ lacklustre
liter ~ litre
liters ~ litres
louver ~ louvre
louvers ~ louvres
luster ~ lustre
lusters ~ lustres
meager ~ meagre
metacenter ~ metacentre
metacenters ~ metacentres
micrometer ~ micrometre
micrometers ~ micrometres
milliliter ~ millilitre
milliliters ~ millilitres
millimeter ~ millimetre
millimeters ~ millimetres
miter ~ mitre
miters ~ mitres
niter ~ nitre
philter ~ philtre
philters ~ philtres
reconnoiter ~ reconnoitre
reconnoiters ~ reconnoitres
saber ~ sabre
sabers ~ sabres
saltpeter ~ saltpetre
scepter ~ sceptre
scepters ~ sceptres
sepulcher ~ sepulchre
sepulchers ~ sepulchres
somber ~ sombre
specter ~ spectre
specters ~ spectres
theater ~ theatre
theatergoer ~ theatregoer
theatergoers ~ theatregoers
theaters ~ theatres

// e => oe, e => ae

ameba ~ amoeba
anemia ~ anaemia
anemias ~ anaemias
anemic ~ anaemic
anesthesia ~ anaesthesia
anesthesias ~ anaesthesias
anesthetic ~ anaesthetic
anesthetics ~ anaesthetics
anesthetist ~ anaesthetist
anesthetists ~ anaesthetists
anesthetize ~ anaesthetize
anesthetized ~ anaesthetized
anesthetizes ~ anaesthetizes
anesthetizing ~ anaesthetizing
archeological ~ archaeological
archeologically ~ archaeologically
archeologist ~ archaeologist
archeologists ~ archaeologists
archeology ~ archaeology
bougainvillea ~ bougainvillaea
bougainvilleas ~ bougainvillaeas
cesium ~ caesium
chimera ~ chimaera
chimeras ~ chimaeras
cyclopedia ~ cyclopaedia
diarrhea ~ diarrhoea
diarrheas ~ diarrhoeas
fecal ~ faecal
feces ~ faeces
gonorrhea ~ gonorrhoea
gonorrheas ~ gonorrhoeas
gynecological ~ gynaecological
gynecologies ~ gynaecologies
gynecologist ~ gynaecologist
gynecologists ~ gynaecologists
gynecology ~ gynaecology
hematein ~ haematein
hemateins ~ haemateins
hematological ~ haematological
hematologist ~ haematologist
hematologists ~ haematologists
hematology ~ haematology
hemoglobin ~ haemoglobin
hemoglobins ~ haemoglobins
hemophilia ~ haemophilia
hemophiliac ~ haemophiliac
hemophiliacs ~ haemophiliacs
hemorrhage ~ haemorrhage
hemorrhaged ~ haemorrhaged
hemorrhages ~ haemorrhages
hemorrhaging ~ haemorrhaging
hemorrhoid ~ haemorrhoid
hemorrhoids ~ haemorrhoids
homeopath ~ homoeopath
homeopathic ~ homoeopathic
homeopaths ~ homoeopaths
homeopathy ~ homoeopathy
leukemia ~ leukaemia
leukemias ~ leukaemias
menorrhea ~ menorrhoea
orthopedic ~ orthopaedic
orthopedics ~ orthopaedics
paleobotany ~ palaeobotany
paleocene ~ palaeocene
paleoclimatology ~ palaeoclimatology
paleogeography ~ palaeogeography
paleographies ~ palaeographies
paleography ~ palaeography
paleolithic ~ palaeolithic
paleomagnetism ~ palaeomagnetism
paleontologist ~ palaeontologist
paleontologists ~ palaeontologists
paleontology ~ palaeontology
paleozoic ~ palaeozoic
pederast ~ paederast
pederasts ~ paederasts
//paediatrician and paediatrics still prevail in BrE
pediatrician ~ paediatrician
pediatricians ~ paediatricians
pediatrics ~ paediatrics
pedophile ~ paedophile
pedophiles ~ paedophiles
pedophilia ~ paedophilia
pharmacopeia ~ pharmacopoeia
pharmacopeias ~ pharmacopoeias
presidium ~ praesidium
presidiums ~ praesidiums
primeval ~ primaeval
toxemia ~ toxaemia
toxemias ~ toxaemias

// se => ce

defense ~ defence
defenseless ~ defenceless
defenses ~ defences
offense ~ offence
offenses ~ offences
pretense ~ pretence
pretenses ~ pretences
vise ~ vice
vises ~ vices

// f => ph

//sulfate - Longman, Cambridge, Oxford and Macmillan have the difference, also Google ngrams say sulphate is more common in BrE
//UPD. see ticket FPFN-5302
//bisulfate ~ bisulphate
//bisulfates ~ bisulphates
//bisulfite ~ bisulphite
//bisulfites ~ bisulphites
//disulfide ~ disulphide
//disulfides ~ disulphides
//hydrosulfite ~ hydrosulphite
//hydrosulfites ~ hydrosulphites
//pyrosulfite ~ pyrosulphite
//pyrosulfites ~ pyrosulphites
//sulfate ~ sulphate
//sulfated ~ sulphated
//sulfates ~ sulphates
//sulfating ~ sulphating
//sulfide ~ sulphide
//sulfides ~ sulphides
//sulfite ~ sulphite
//sulfites ~ sulphites
//sulfur ~ sulphur
//sulfured ~ sulphured
//sulfuring ~ sulphuring
//sulfurous ~ sulphurous
//sulfurs ~ sulphurs

// other

abridgment ~ abridgement
abridgments ~ abridgements
acknowledgment ~ acknowledgement
acknowledgments ~ acknowledgements
aerogram ~ aerogramme
aerograms ~ aerogrammes
afterward ~ afterwards
aging ~ ageing
agings ~ ageings
//aeroplane still prevails in BrE (google ngrams) and all dicts say so
airplane ~ aeroplane
airplanes ~ aeroplanes
almanac ~ almanack
almanacs ~ almanacks
aluminum ~ aluminium
ambiance ~ ambience
ambiances ~ ambiences
analog ~ analogue
analogs ~ analogues
annex ~ annexe
apothegm ~ apophthegm
apothegms ~ apophthegms
appall ~ appal
appalls ~ appals
arbores ~ arbours
archiepiscopal ~ archepiscopal
//art[ie]fact is justifiable here http://grammarist.com/spelling/artefact-artifact/
//art[ie]fact Wiktionary & Longman & Oxford living dict indicate difference.
artifact ~ artefact
artifacts ~ artefacts
ax ~ axe
backward ~ backwards
balk ~ baulk
balked ~ baulked
balking ~ baulking
balks ~ baulks
banister ~ bannister
banisters ~ bannisters
battleax ~ battleaxe
behoove ~ behove
behooved ~ behoved
behooves ~ behoves
behooving ~ behoving
bevies ~ bevvies
bevy ~ bevvy
carburetor ~ carburettor
carburetors ~ carburettors
catalog ~ catalogue
cataloged ~ catalogued
cataloging ~ cataloguing
catalogs ~ catalogues
centered ~ centred
centering ~ centring
centerings ~ centrings
checkbook ~ chequebook
checkbooks ~ chequebooks
cipher ~ cypher
ciphers ~ cyphers
clarinetist ~ clarinettist
clarinetists ~ clarinettists
collectible ~ collectable
collectibles ~ collectables
colonnaded ~ collonaded
conjuror ~ conjurer
cozied ~ cosied
cozier ~ cosier
cozies ~ cosies
coziest ~ cosiest
cozily ~ cosily
coziness ~ cosiness
cozy ~ cosy
cozying ~ cosying
dialog ~ dialogue
dialogs ~ dialogues
// possible meaning change
// dike ~ dyke
// diked ~ dyked
// dikes ~ dykes
distill ~ distil
distills ~ distils
donut ~ doughnut
donuts ~ doughnuts
doodad ~ doodah
doodads ~ doodahs
edema ~ oedema
edemata ~ oedemata
enology ~ oenology
enroll ~ enrol
enrolls ~ enrols
ensorcell ~ ensorcel
ensorcelled ~ ensorceled
ensorcelling ~ ensorceling
ensorcells ~ ensorcels
enthrall ~ enthral
enthralls ~ enthrals
eon ~ aeon
eons ~ aeons
epaulet ~ epaulette
epaulets ~ epaulettes
epilog ~ epilogue
epilogs ~ epilogues
esophageal ~ oesophagal
esophagoscope ~ oesophagoscope
esophagus ~ oesophagus
estrous ~ oestrous
etiology ~ aetiology
flutist ~ flautist
flutists ~ flautists
fulfill ~ fulfil
fulfillment ~ fulfilment
fulfills ~ fulfils
furor ~ furore
furors ~ furores
galoshes ~ goloshes
gantlet ~ gauntlet
gantlets ~ gauntlets
gluing ~ glueing
gray ~ grey
grayed ~ greyed
grayer ~ greyer
grayest ~ greyest
graying ~ greying
grayish ~ greyish
grayness ~ greyness
grays ~ greys
griffin ~ gryphon
griffins ~ gryphons
gypsies ~ gipsies
gypsy ~ gipsy
hauler ~ haulier
haulers ~ hauliers
impanel ~ empanel
impaneled ~ empanelled
impaneling ~ empanelling
impanels ~ empanels
inflection ~ inflexion
inflections ~ inflexions
installment ~ instalment
installments ~ instalments
instill ~ instil
instills ~ instils
jewelry ~ jewellery
kidnaped ~ kidnapped
leaped ~ leapt
licorice ~ liquorice
licorices ~ liquorices
likable ~ likeable
louvered ~ louvred
lustered ~ lustred
lustering ~ lustring
maneuver ~ manoeuvre
maneuverability ~ manoeuvrability
maneuverable ~ manoeuvrable
maneuvered ~ manoeuvred
maneuvering ~ manoeuvring
maneuverings ~ manoeuvrings
maneuvers ~ manoeuvres
meagerest ~ meagrest
mementos ~ mementoes
minibusses ~ minibuses
misspelled ~ misspelt
mitered ~ mitred
mitering ~ mitring
mollusk ~ mollusc
mollusks ~ molluscs
monolog ~ monologue
monologs ~ monologues
mustache ~ moustache
mustached ~ moustached
mustaches ~ moustaches
mustachioed ~ moustachioed
naught ~ nought
omelet ~ omelette
omelets ~ omelettes
outmaneuver ~ outmanoeuvre
outmaneuvered ~ outmanoeuvred
outmaneuvering ~ outmanoeuvring
outmaneuvers ~ outmanoeuvres
pajama ~ pyjama
pajamas ~ pyjamas
philtered ~ philtred
philtering ~ philtring
phony ~ phoney
plow ~ plough
plowboy ~ ploughboy
plowboys ~ ploughboys
plowed ~ ploughed
plower ~ plougher
plowers ~ ploughers
plowgirl ~ ploughgirl
plowgirls ~ ploughgirls
plowing ~ ploughing
plowings ~ ploughings
plowland ~ ploughland
plowlands ~ ploughlands
plowman ~ ploughman
plowmen ~ ploughmen
plows ~ ploughs
plowshare ~ ploughshare
plowshares ~ ploughshares
plowwoman ~ ploughwoman
plowwomen ~ ploughwomen
plowwright ~ ploughwright
plowwrights ~ ploughwrights
polyethylene ~ polyethene
pouf ~ pouffe
poufs ~ pouffes
practiced ~ practised
practicing ~ practising
prolog ~ prologue
prologs ~ prologues
quire ~ choir
quired ~ choired
quires ~ choirs
quiring ~ choiring
reconnoitered ~ reconnoitred
reconnoitering ~ reconnoitring
reconnoiterings ~ reconnoitrings
retroflection ~ retroflexion
retroflections ~ retroflexions
sanitizer ~ sanitiser
sanitizers ~ sanitisers
sceptered ~ sceptred
sceptering ~ sceptring
selvage ~ selvedge
selvages ~ selvedges
sepulchered ~ sepulchred
sepulchering ~ sepulchring
sheik ~ sheikh
sheiks ~ sheikhs
skeptic ~ sceptic
skeptical ~ sceptical
skeptically ~ sceptically
skepticism ~ scepticism
skepticisms ~ scepticisms
skepticist ~ scepticist
skepticists ~ scepticists
skeptics ~ sceptics
skillful ~ skilful
sled ~ sledge
sledded ~ sledged
sledding ~ sledging
sleddings ~ sledgings
sleds ~ sledges
snowplow ~ snowplough
snowplowed ~ snowploughed
snowplowing ~ snowploughing
snowplows ~ snowploughs
somberer ~ sombrer
somberest ~ sombrest
specialties ~ specialities
specialty ~ speciality
spelled ~ spelt
spilled ~ spilt
tableting ~ tabletting
transshipment ~ transhipment
travelog ~ travelogue
travelogs ~ travelogues
worshiped ~ worshipped
worshiping ~ worshipping
yogurt ~ yoghurt
yogurts ~ yoghurts

//

//almshouse almhouse
//almshouses almhouses
//achoo - valid in both BrE and AmE (Google ngrams)
//achoo atishoo
//barbecue barbeque
//barbecued barbequed
//barbecues barbeques
//barbecuing barbequing
//Benedictine Benedectine
//biased biassed
//biasing biassing
//carcas is non-existent word
//carcass carcas
//carcasses carcases
//centigram centigramme
//centigrams centigrammes
//caesarian is given as an alternative (not a dialect) spelling only in Wiktionary and Oxford, acceptance rate 1:16
//caesarean caesarian
//casarian is given as an alternative (not a dialect) spelling only in Wiktionary and Oxford
//cesarean cesarian
//cesarean is common for both BrE and AmE (google ngrams)
//cesarean caesarean
//cesareans caesareans
//curb as noun has many meanings and only one of them has BrE variant, acceptance rate 1:6
//curb as verb has no difference between Englishes, acceptance rate 1:6
//curb kerb
//curbed kerbed
//curbing kerbing
//curbings kerbings
//curbs kerbs
//disk disc
//disked disced
//disking discing
//disks discs
//draft draught
//draftboard draughtboard
//draftboards draughtboards
//drafted draughted
//draftier draughtier
//draftiest draughtiest
//drafting draughting
//draftings draughtings
//drafts draughts
//draftsman draughtsman
//draftsmanship draughtsmanship
//draftsmen draughtsmen
//draftswoman draughtswoman
//draftswomen draughtswomen
//drafty draughty
//encyclopedia and encyclopaedia are considered variants of AmE and BrE respectively in all dictionaries
//encyclopedia - but acceptance rate if 1:4 and google ngrams shows encyclopedia as more prevailing
//encyclopedia encyclopaedia
//encyclopediae encyclopaediae
//encyclopedias encyclopaedias
//encyclopedic encyclopaedic
//enrolled enroled
//enrolling enroling
//enrollment enrolment
//enrollments enrolments
//esophaguses oesophaguses
//estrogen and oestrogen are considered variants of AmE and BrE respectively in all dictionaries
//estrogen - but acceptance rate if 1:4 and google ngrams shows estrogen as more prevailing
//estrogen oestrogen
//estrogens oestrogens
//fetal foetal
//fetid foetid
//fetus foetus
//fetuses foetuses
//fledgling is common for both AmE and BrE; fledgeling is an uncommon variant
//fledgling ~ fledgeling
//fledglings ~ fledgelings
//gasses gases - "gasses" is very rare, 42:1-gases:gasses
//glycerin glicerine
//gram gramme
//gram is valid for both BrE and AmE (Wiktionary, Longman, Oxford, Cambridge), acceptance rate 1:~23
//grams grammes
//groin has many meaning, and only one has BrE variant
//groin groyne
//groins groynes
//heyday ~ heydey
//heydays ~ heydeys
//homeostasis is common for both AmE and BrE (Oxford, Wiktionary)
//homeostasis homoeostasis
//installing instaling
//jail gaol
//jailbird gaolbird
//jailbirds gaolbirds
//jailbreak gaolbreak
//jailbreaking gaolbreaking
//jailbreaks gaolbreaks
//jailbroke gaolbroke
//jailbroken gaolbroken
//jailed gaoled
//jailer gaoler
//jailers gaolers
//jailing gaoling
//jailings gaolings
//jails gaols
//judgment judgement
//judgments judgements
//different meanings: https://sciencenotes.org/karat-vs-carat/
//karat ~ carat
//karats ~ carats
//kilogram is valid for both BrE and AmE (Wiktionary, Longman, Oxford), acceptance rate 1:~4
//kilogram kilogramme
//kilograms kilogrammes
//leaned is valid for both BrE and AmE (Wiktionary, Longman, Oxford, Cambridge), acceptance rate 1:~2
//leaned leant
//license licence
//licensed licenced
//licenses licences
//licensing licencing
//malleableized malleabileized
//malleableizes malleabileizes
//meter is common for both BrE and AmE
//meter metre
//metered metred
//metering metring
//meters metres
//milligram is valid for both BrE and AmE (Wiktionary, Longman, Oxford, Cambridge), acceptance rate 1:~3
//milligram milligramme
//milligrams milligrammes
//misjudgment misjudgement
//misjudgments misjudgements
//mom - although Wiktionary, Macmillan and Longman indicate the difference with mum-mom, acceptance rate 1:~6
//mom - also speakers on the forums say it's very regional specific
//mom mum
//moms mums
//neighborlier neighbourlier
//neighborliest neighbourliest
//neuron is a valid spelling for both BrE and AmE, neurone is only BrE (Wiktionary, Longman, Cambridge), acceptance rate 1:~6
//neuron neurone
//neurons neurones
//north-east and north-west is differentiated only in Wiktionary; Oxford, Longman and Cambridge have only northeast or northwest
//northeast north-east
//northeasts north-easts
//northwest north-west
//northwests north-wests
//octagonal octogonal
//pantyhose panti-hose
//pantyhoses panti-hoses
//paralyzis paralysis
//paediatric is common for BrE too (google ngrams), but not paediatrician or paediatrics, acceptance rate 1:6
//pediatric paediatric
//pedophilias paedophilias
//polyethylenes polyethenes
//presidia praesidia
//program programme
//programs programmes
//pummel pummelled
//pummeled pummelling
//pummeling pummelleding
//pummelings pummelledings
//pummels pummelleds
//raccoon racoon
//raccoons racoons
//routing is valid for both BrE and AmE (Wiktionary), acceptance rate 1:3
//routing routeing
//routings routeings
//sergeant - serjeant is obsolete, not BrE variant
//sergeant serjeant
//sergeants serjeants
//south-east and south-west is differentiated only in Wiktionary; Oxford, Longman and Cambridge have only southeast or southwest
//southeast south-east
//southeasts south-easts
//southwest south-west
//southwests south-wests
//storied storyed
//sulfureted sulphuretted
//siphon syphon
//siphoned syphoned
//siphoning syphoning
//siphons syphons
//ton and tonne describe two different concepts http://grammarist.com/spelling/ton-tonne/ , acceptance rate 1:2
//ton tonne
//tons tonnes
//unspoiled is common for both AmE and BrE
//unspoiled unspoilt
//vial; phial is considered formal by Macmillan and Oxford; and dated by Cambridge;
//vial phial
//vialed phialed
//vialing phialing
//vials phials
//videodisk videodisc
//videodisks videodiscs
//wagon - the spelling is innate to both BrE and AmE (Wiktionary, Macmillan, Longman, Oxford, Cambridge).
//wagon waggon
//wagoned waggoned
//wagoning waggoning
//wagons waggons
//whiskey has broader meaning than whisky
//whiskey whisky
//whiskeys whiskies
